,0,1,2,3,4,Kernel,Optimizer,Fold,Year,Independent Vars,Area,Method,Spatial PCA,Model Name,Notes,Inducing Locations,Epochs/Fold,Inducing Variables
.kernel.kernels[0].variance,0.9429100531147812,,,,,matern32_rbf_intra_sin,lfbgs,0,2023,"Day,Overall_Day,Latitude,Longitude,embay_dist,SST",ES,SVGP,False,5.1,Like 3.6 but with Satellite Data Added In.,500,100,"[[ 2.43000000e+02  8.71258401e-01 -4.28613283e-01  1.50198796e+00
  -9.89337317e-01 -1.00000000e+00]
 [ 2.17000000e+02  1.31817333e-01  3.14999756e-02 -1.25476122e+00
   7.90969765e-01  1.00000000e+00]
 [ 1.87000000e+02 -7.21383899e-01 -1.18421923e+00  3.88510244e-01
  -1.14280133e+00 -1.00000000e+00]
 ...
 [ 2.70000000e+02  1.63913951e+00 -2.80030169e-01 -3.78329653e-02
  -3.26318507e-01 -1.00000000e+00]
 [ 2.71000000e+02  1.66757955e+00  3.47591831e+00  5.63544531e-01
   2.46293359e+00  1.00000000e+00]
 [ 1.66000000e+02 -1.31862476e+00  1.76294485e-01 -1.23391027e+00
   8.09482826e-01  1.00000000e+00]]"
.kernel.kernels[0].lengthscales,3.37015549329035,1.7781387182216322,0.9941652822410684,1.218593271228077,1.6248329140092408,matern32_rbf_intra_sin,lfbgs,0,2023,"Day,Overall_Day,Latitude,Longitude,embay_dist,SST",ES,SVGP,False,5.1,Like 3.6 but with Satellite Data Added In.,500,100,"[[ 2.43000000e+02  8.71258401e-01 -4.28613283e-01  1.50198796e+00
  -9.89337317e-01 -1.00000000e+00]
 [ 2.17000000e+02  1.31817333e-01  3.14999756e-02 -1.25476122e+00
   7.90969765e-01  1.00000000e+00]
 [ 1.87000000e+02 -7.21383899e-01 -1.18421923e+00  3.88510244e-01
  -1.14280133e+00 -1.00000000e+00]
 ...
 [ 2.70000000e+02  1.63913951e+00 -2.80030169e-01 -3.78329653e-02
  -3.26318507e-01 -1.00000000e+00]
 [ 2.71000000e+02  1.66757955e+00  3.47591831e+00  5.63544531e-01
   2.46293359e+00  1.00000000e+00]
 [ 1.66000000e+02 -1.31862476e+00  1.76294485e-01 -1.23391027e+00
   8.09482826e-01  1.00000000e+00]]"
.kernel.kernels[1].variance,1.863328664313808,,,,,matern32_rbf_intra_sin,lfbgs,0,2023,"Day,Overall_Day,Latitude,Longitude,embay_dist,SST",ES,SVGP,False,5.1,Like 3.6 but with Satellite Data Added In.,500,100,"[[ 2.43000000e+02  8.71258401e-01 -4.28613283e-01  1.50198796e+00
  -9.89337317e-01 -1.00000000e+00]
 [ 2.17000000e+02  1.31817333e-01  3.14999756e-02 -1.25476122e+00
   7.90969765e-01  1.00000000e+00]
 [ 1.87000000e+02 -7.21383899e-01 -1.18421923e+00  3.88510244e-01
  -1.14280133e+00 -1.00000000e+00]
 ...
 [ 2.70000000e+02  1.63913951e+00 -2.80030169e-01 -3.78329653e-02
  -3.26318507e-01 -1.00000000e+00]
 [ 2.71000000e+02  1.66757955e+00  3.47591831e+00  5.63544531e-01
   2.46293359e+00  1.00000000e+00]
 [ 1.66000000e+02 -1.31862476e+00  1.76294485e-01 -1.23391027e+00
   8.09482826e-01  1.00000000e+00]]"
.kernel.kernels[1].lengthscales,0.32953098979076445,,,,,matern32_rbf_intra_sin,lfbgs,0,2023,"Day,Overall_Day,Latitude,Longitude,embay_dist,SST",ES,SVGP,False,5.1,Like 3.6 but with Satellite Data Added In.,500,100,"[[ 2.43000000e+02  8.71258401e-01 -4.28613283e-01  1.50198796e+00
  -9.89337317e-01 -1.00000000e+00]
 [ 2.17000000e+02  1.31817333e-01  3.14999756e-02 -1.25476122e+00
   7.90969765e-01  1.00000000e+00]
 [ 1.87000000e+02 -7.21383899e-01 -1.18421923e+00  3.88510244e-01
  -1.14280133e+00 -1.00000000e+00]
 ...
 [ 2.70000000e+02  1.63913951e+00 -2.80030169e-01 -3.78329653e-02
  -3.26318507e-01 -1.00000000e+00]
 [ 2.71000000e+02  1.66757955e+00  3.47591831e+00  5.63544531e-01
   2.46293359e+00  1.00000000e+00]
 [ 1.66000000e+02 -1.31862476e+00  1.76294485e-01 -1.23391027e+00
   8.09482826e-01  1.00000000e+00]]"
.kernel.kernels[2].variance,0.5021291468849232,,,,,matern32_rbf_intra_sin,lfbgs,0,2023,"Day,Overall_Day,Latitude,Longitude,embay_dist,SST",ES,SVGP,False,5.1,Like 3.6 but with Satellite Data Added In.,500,100,"[[ 2.43000000e+02  8.71258401e-01 -4.28613283e-01  1.50198796e+00
  -9.89337317e-01 -1.00000000e+00]
 [ 2.17000000e+02  1.31817333e-01  3.14999756e-02 -1.25476122e+00
   7.90969765e-01  1.00000000e+00]
 [ 1.87000000e+02 -7.21383899e-01 -1.18421923e+00  3.88510244e-01
  -1.14280133e+00 -1.00000000e+00]
 ...
 [ 2.70000000e+02  1.63913951e+00 -2.80030169e-01 -3.78329653e-02
  -3.26318507e-01 -1.00000000e+00]
 [ 2.71000000e+02  1.66757955e+00  3.47591831e+00  5.63544531e-01
   2.46293359e+00  1.00000000e+00]
 [ 1.66000000e+02 -1.31862476e+00  1.76294485e-01 -1.23391027e+00
   8.09482826e-01  1.00000000e+00]]"
.kernel.kernels[2].lengthscales,365.0,,,,,matern32_rbf_intra_sin,lfbgs,0,2023,"Day,Overall_Day,Latitude,Longitude,embay_dist,SST",ES,SVGP,False,5.1,Like 3.6 but with Satellite Data Added In.,500,100,"[[ 2.43000000e+02  8.71258401e-01 -4.28613283e-01  1.50198796e+00
  -9.89337317e-01 -1.00000000e+00]
 [ 2.17000000e+02  1.31817333e-01  3.14999756e-02 -1.25476122e+00
   7.90969765e-01  1.00000000e+00]
 [ 1.87000000e+02 -7.21383899e-01 -1.18421923e+00  3.88510244e-01
  -1.14280133e+00 -1.00000000e+00]
 ...
 [ 2.70000000e+02  1.63913951e+00 -2.80030169e-01 -3.78329653e-02
  -3.26318507e-01 -1.00000000e+00]
 [ 2.71000000e+02  1.66757955e+00  3.47591831e+00  5.63544531e-01
   2.46293359e+00  1.00000000e+00]
 [ 1.66000000e+02 -1.31862476e+00  1.76294485e-01 -1.23391027e+00
   8.09482826e-01  1.00000000e+00]]"
.kernel.kernels[3].kernels[0].variance,0.8105701361695274,,,,,matern32_rbf_intra_sin,lfbgs,0,2023,"Day,Overall_Day,Latitude,Longitude,embay_dist,SST",ES,SVGP,False,5.1,Like 3.6 but with Satellite Data Added In.,500,100,"[[ 2.43000000e+02  8.71258401e-01 -4.28613283e-01  1.50198796e+00
  -9.89337317e-01 -1.00000000e+00]
 [ 2.17000000e+02  1.31817333e-01  3.14999756e-02 -1.25476122e+00
   7.90969765e-01  1.00000000e+00]
 [ 1.87000000e+02 -7.21383899e-01 -1.18421923e+00  3.88510244e-01
  -1.14280133e+00 -1.00000000e+00]
 ...
 [ 2.70000000e+02  1.63913951e+00 -2.80030169e-01 -3.78329653e-02
  -3.26318507e-01 -1.00000000e+00]
 [ 2.71000000e+02  1.66757955e+00  3.47591831e+00  5.63544531e-01
   2.46293359e+00  1.00000000e+00]
 [ 1.66000000e+02 -1.31862476e+00  1.76294485e-01 -1.23391027e+00
   8.09482826e-01  1.00000000e+00]]"
.kernel.kernels[3].kernels[1].variance,0.8105701361695297,,,,,matern32_rbf_intra_sin,lfbgs,0,2023,"Day,Overall_Day,Latitude,Longitude,embay_dist,SST",ES,SVGP,False,5.1,Like 3.6 but with Satellite Data Added In.,500,100,"[[ 2.43000000e+02  8.71258401e-01 -4.28613283e-01  1.50198796e+00
  -9.89337317e-01 -1.00000000e+00]
 [ 2.17000000e+02  1.31817333e-01  3.14999756e-02 -1.25476122e+00
   7.90969765e-01  1.00000000e+00]
 [ 1.87000000e+02 -7.21383899e-01 -1.18421923e+00  3.88510244e-01
  -1.14280133e+00 -1.00000000e+00]
 ...
 [ 2.70000000e+02  1.63913951e+00 -2.80030169e-01 -3.78329653e-02
  -3.26318507e-01 -1.00000000e+00]
 [ 2.71000000e+02  1.66757955e+00  3.47591831e+00  5.63544531e-01
   2.46293359e+00  1.00000000e+00]
 [ 1.66000000e+02 -1.31862476e+00  1.76294485e-01 -1.23391027e+00
   8.09482826e-01  1.00000000e+00]]"
.kernel.kernels[3].kernels[1].lengthscales,365.0,,,,,matern32_rbf_intra_sin,lfbgs,0,2023,"Day,Overall_Day,Latitude,Longitude,embay_dist,SST",ES,SVGP,False,5.1,Like 3.6 but with Satellite Data Added In.,500,100,"[[ 2.43000000e+02  8.71258401e-01 -4.28613283e-01  1.50198796e+00
  -9.89337317e-01 -1.00000000e+00]
 [ 2.17000000e+02  1.31817333e-01  3.14999756e-02 -1.25476122e+00
   7.90969765e-01  1.00000000e+00]
 [ 1.87000000e+02 -7.21383899e-01 -1.18421923e+00  3.88510244e-01
  -1.14280133e+00 -1.00000000e+00]
 ...
 [ 2.70000000e+02  1.63913951e+00 -2.80030169e-01 -3.78329653e-02
  -3.26318507e-01 -1.00000000e+00]
 [ 2.71000000e+02  1.66757955e+00  3.47591831e+00  5.63544531e-01
   2.46293359e+00  1.00000000e+00]
 [ 1.66000000e+02 -1.31862476e+00  1.76294485e-01 -1.23391027e+00
   8.09482826e-01  1.00000000e+00]]"
.kernel.kernels[0].variance,0.9914503607066589,,,,,matern32_rbf_intra_sin,lfbgs,1,2023,"Day,Overall_Day,Latitude,Longitude,embay_dist,SST",ES,SVGP,False,5.1,Like 3.6 but with Satellite Data Added In.,500,100,"[[ 1.72000000e+02 -1.15613102e+00 -7.91130794e-01 -9.17830534e-01
  -2.65714462e-01  1.00000000e+00]
 [ 1.73000000e+02 -1.12776761e+00  5.77405615e-02  6.33959400e-01
  -5.01116677e-01 -1.00000000e+00]
 [ 2.63000000e+02  1.42493979e+00  5.77405615e-02  6.33959400e-01
  -5.01116677e-01 -1.00000000e+00]
 ...
 [ 2.61000000e+02  1.36821296e+00 -3.87557523e-01  1.26392884e+00
  -9.03936662e-01 -1.00000000e+00]
 [ 1.62000000e+02 -1.43976518e+00 -3.87557523e-01  1.26392884e+00
  -9.03936662e-01  1.00000000e+00]
 [ 2.51000000e+02  1.08457880e+00  5.77405615e-02  6.33959400e-01
  -5.01116677e-01  1.00000000e+00]]"
.kernel.kernels[0].lengthscales,3.5138526685690246,3.1878025900583395,1.1293328222708399,2.9875701263831957,1.3878327227311138,matern32_rbf_intra_sin,lfbgs,1,2023,"Day,Overall_Day,Latitude,Longitude,embay_dist,SST",ES,SVGP,False,5.1,Like 3.6 but with Satellite Data Added In.,500,100,"[[ 1.72000000e+02 -1.15613102e+00 -7.91130794e-01 -9.17830534e-01
  -2.65714462e-01  1.00000000e+00]
 [ 1.73000000e+02 -1.12776761e+00  5.77405615e-02  6.33959400e-01
  -5.01116677e-01 -1.00000000e+00]
 [ 2.63000000e+02  1.42493979e+00  5.77405615e-02  6.33959400e-01
  -5.01116677e-01 -1.00000000e+00]
 ...
 [ 2.61000000e+02  1.36821296e+00 -3.87557523e-01  1.26392884e+00
  -9.03936662e-01 -1.00000000e+00]
 [ 1.62000000e+02 -1.43976518e+00 -3.87557523e-01  1.26392884e+00
  -9.03936662e-01  1.00000000e+00]
 [ 2.51000000e+02  1.08457880e+00  5.77405615e-02  6.33959400e-01
  -5.01116677e-01  1.00000000e+00]]"
.kernel.kernels[1].variance,1.7820513407074152,,,,,matern32_rbf_intra_sin,lfbgs,1,2023,"Day,Overall_Day,Latitude,Longitude,embay_dist,SST",ES,SVGP,False,5.1,Like 3.6 but with Satellite Data Added In.,500,100,"[[ 1.72000000e+02 -1.15613102e+00 -7.91130794e-01 -9.17830534e-01
  -2.65714462e-01  1.00000000e+00]
 [ 1.73000000e+02 -1.12776761e+00  5.77405615e-02  6.33959400e-01
  -5.01116677e-01 -1.00000000e+00]
 [ 2.63000000e+02  1.42493979e+00  5.77405615e-02  6.33959400e-01
  -5.01116677e-01 -1.00000000e+00]
 ...
 [ 2.61000000e+02  1.36821296e+00 -3.87557523e-01  1.26392884e+00
  -9.03936662e-01 -1.00000000e+00]
 [ 1.62000000e+02 -1.43976518e+00 -3.87557523e-01  1.26392884e+00
  -9.03936662e-01  1.00000000e+00]
 [ 2.51000000e+02  1.08457880e+00  5.77405615e-02  6.33959400e-01
  -5.01116677e-01  1.00000000e+00]]"
.kernel.kernels[1].lengthscales,0.4406468107093134,,,,,matern32_rbf_intra_sin,lfbgs,1,2023,"Day,Overall_Day,Latitude,Longitude,embay_dist,SST",ES,SVGP,False,5.1,Like 3.6 but with Satellite Data Added In.,500,100,"[[ 1.72000000e+02 -1.15613102e+00 -7.91130794e-01 -9.17830534e-01
  -2.65714462e-01  1.00000000e+00]
 [ 1.73000000e+02 -1.12776761e+00  5.77405615e-02  6.33959400e-01
  -5.01116677e-01 -1.00000000e+00]
 [ 2.63000000e+02  1.42493979e+00  5.77405615e-02  6.33959400e-01
  -5.01116677e-01 -1.00000000e+00]
 ...
 [ 2.61000000e+02  1.36821296e+00 -3.87557523e-01  1.26392884e+00
  -9.03936662e-01 -1.00000000e+00]
 [ 1.62000000e+02 -1.43976518e+00 -3.87557523e-01  1.26392884e+00
  -9.03936662e-01  1.00000000e+00]
 [ 2.51000000e+02  1.08457880e+00  5.77405615e-02  6.33959400e-01
  -5.01116677e-01  1.00000000e+00]]"
.kernel.kernels[2].variance,0.5633270265485076,,,,,matern32_rbf_intra_sin,lfbgs,1,2023,"Day,Overall_Day,Latitude,Longitude,embay_dist,SST",ES,SVGP,False,5.1,Like 3.6 but with Satellite Data Added In.,500,100,"[[ 1.72000000e+02 -1.15613102e+00 -7.91130794e-01 -9.17830534e-01
  -2.65714462e-01  1.00000000e+00]
 [ 1.73000000e+02 -1.12776761e+00  5.77405615e-02  6.33959400e-01
  -5.01116677e-01 -1.00000000e+00]
 [ 2.63000000e+02  1.42493979e+00  5.77405615e-02  6.33959400e-01
  -5.01116677e-01 -1.00000000e+00]
 ...
 [ 2.61000000e+02  1.36821296e+00 -3.87557523e-01  1.26392884e+00
  -9.03936662e-01 -1.00000000e+00]
 [ 1.62000000e+02 -1.43976518e+00 -3.87557523e-01  1.26392884e+00
  -9.03936662e-01  1.00000000e+00]
 [ 2.51000000e+02  1.08457880e+00  5.77405615e-02  6.33959400e-01
  -5.01116677e-01  1.00000000e+00]]"
.kernel.kernels[2].lengthscales,365.0,,,,,matern32_rbf_intra_sin,lfbgs,1,2023,"Day,Overall_Day,Latitude,Longitude,embay_dist,SST",ES,SVGP,False,5.1,Like 3.6 but with Satellite Data Added In.,500,100,"[[ 1.72000000e+02 -1.15613102e+00 -7.91130794e-01 -9.17830534e-01
  -2.65714462e-01  1.00000000e+00]
 [ 1.73000000e+02 -1.12776761e+00  5.77405615e-02  6.33959400e-01
  -5.01116677e-01 -1.00000000e+00]
 [ 2.63000000e+02  1.42493979e+00  5.77405615e-02  6.33959400e-01
  -5.01116677e-01 -1.00000000e+00]
 ...
 [ 2.61000000e+02  1.36821296e+00 -3.87557523e-01  1.26392884e+00
  -9.03936662e-01 -1.00000000e+00]
 [ 1.62000000e+02 -1.43976518e+00 -3.87557523e-01  1.26392884e+00
  -9.03936662e-01  1.00000000e+00]
 [ 2.51000000e+02  1.08457880e+00  5.77405615e-02  6.33959400e-01
  -5.01116677e-01  1.00000000e+00]]"
.kernel.kernels[3].kernels[0].variance,0.9551705966073797,,,,,matern32_rbf_intra_sin,lfbgs,1,2023,"Day,Overall_Day,Latitude,Longitude,embay_dist,SST",ES,SVGP,False,5.1,Like 3.6 but with Satellite Data Added In.,500,100,"[[ 1.72000000e+02 -1.15613102e+00 -7.91130794e-01 -9.17830534e-01
  -2.65714462e-01  1.00000000e+00]
 [ 1.73000000e+02 -1.12776761e+00  5.77405615e-02  6.33959400e-01
  -5.01116677e-01 -1.00000000e+00]
 [ 2.63000000e+02  1.42493979e+00  5.77405615e-02  6.33959400e-01
  -5.01116677e-01 -1.00000000e+00]
 ...
 [ 2.61000000e+02  1.36821296e+00 -3.87557523e-01  1.26392884e+00
  -9.03936662e-01 -1.00000000e+00]
 [ 1.62000000e+02 -1.43976518e+00 -3.87557523e-01  1.26392884e+00
  -9.03936662e-01  1.00000000e+00]
 [ 2.51000000e+02  1.08457880e+00  5.77405615e-02  6.33959400e-01
  -5.01116677e-01  1.00000000e+00]]"
.kernel.kernels[3].kernels[1].variance,0.9551705966074706,,,,,matern32_rbf_intra_sin,lfbgs,1,2023,"Day,Overall_Day,Latitude,Longitude,embay_dist,SST",ES,SVGP,False,5.1,Like 3.6 but with Satellite Data Added In.,500,100,"[[ 1.72000000e+02 -1.15613102e+00 -7.91130794e-01 -9.17830534e-01
  -2.65714462e-01  1.00000000e+00]
 [ 1.73000000e+02 -1.12776761e+00  5.77405615e-02  6.33959400e-01
  -5.01116677e-01 -1.00000000e+00]
 [ 2.63000000e+02  1.42493979e+00  5.77405615e-02  6.33959400e-01
  -5.01116677e-01 -1.00000000e+00]
 ...
 [ 2.61000000e+02  1.36821296e+00 -3.87557523e-01  1.26392884e+00
  -9.03936662e-01 -1.00000000e+00]
 [ 1.62000000e+02 -1.43976518e+00 -3.87557523e-01  1.26392884e+00
  -9.03936662e-01  1.00000000e+00]
 [ 2.51000000e+02  1.08457880e+00  5.77405615e-02  6.33959400e-01
  -5.01116677e-01  1.00000000e+00]]"
.kernel.kernels[3].kernels[1].lengthscales,365.0,,,,,matern32_rbf_intra_sin,lfbgs,1,2023,"Day,Overall_Day,Latitude,Longitude,embay_dist,SST",ES,SVGP,False,5.1,Like 3.6 but with Satellite Data Added In.,500,100,"[[ 1.72000000e+02 -1.15613102e+00 -7.91130794e-01 -9.17830534e-01
  -2.65714462e-01  1.00000000e+00]
 [ 1.73000000e+02 -1.12776761e+00  5.77405615e-02  6.33959400e-01
  -5.01116677e-01 -1.00000000e+00]
 [ 2.63000000e+02  1.42493979e+00  5.77405615e-02  6.33959400e-01
  -5.01116677e-01 -1.00000000e+00]
 ...
 [ 2.61000000e+02  1.36821296e+00 -3.87557523e-01  1.26392884e+00
  -9.03936662e-01 -1.00000000e+00]
 [ 1.62000000e+02 -1.43976518e+00 -3.87557523e-01  1.26392884e+00
  -9.03936662e-01  1.00000000e+00]
 [ 2.51000000e+02  1.08457880e+00  5.77405615e-02  6.33959400e-01
  -5.01116677e-01  1.00000000e+00]]"
.kernel.kernels[0].variance,0.9753869398082251,,,,,matern32_rbf_intra_sin,lfbgs,2,2023,"Day,Overall_Day,Latitude,Longitude,embay_dist,SST",ES,SVGP,False,5.1,Like 3.6 but with Satellite Data Added In.,500,100,"[[ 1.93000000e+02 -5.55823030e-01  1.47022240e-01  6.24681057e-01
  -5.04929253e-01 -1.00000000e+00]
 [ 1.94000000e+02 -5.27515862e-01 -8.76075621e-01 -8.56781855e-01
  -2.49763497e-01  1.00000000e+00]
 [ 2.00000000e+02 -3.57672857e-01  3.72370344e-01 -1.07826882e+00
   1.12770723e+00  1.00000000e+00]
 ...
 [ 2.66000000e+02  1.51060020e+00 -8.76075621e-01 -8.56781855e-01
  -2.49763497e-01  1.00000000e+00]
 [ 1.52000000e+02 -1.71641690e+00  1.47022240e-01  6.24681057e-01
  -5.04929253e-01  1.00000000e+00]
 [ 2.16000000e+02  9.52418242e-02 -4.02815020e-01  1.66682116e+00
  -1.16580718e+00 -1.00000000e+00]]"
.kernel.kernels[0].lengthscales,3.623422694766782,2.0049171511480015,0.9170700094187699,2.472369487992581,1.5802258413533228,matern32_rbf_intra_sin,lfbgs,2,2023,"Day,Overall_Day,Latitude,Longitude,embay_dist,SST",ES,SVGP,False,5.1,Like 3.6 but with Satellite Data Added In.,500,100,"[[ 1.93000000e+02 -5.55823030e-01  1.47022240e-01  6.24681057e-01
  -5.04929253e-01 -1.00000000e+00]
 [ 1.94000000e+02 -5.27515862e-01 -8.76075621e-01 -8.56781855e-01
  -2.49763497e-01  1.00000000e+00]
 [ 2.00000000e+02 -3.57672857e-01  3.72370344e-01 -1.07826882e+00
   1.12770723e+00  1.00000000e+00]
 ...
 [ 2.66000000e+02  1.51060020e+00 -8.76075621e-01 -8.56781855e-01
  -2.49763497e-01  1.00000000e+00]
 [ 1.52000000e+02 -1.71641690e+00  1.47022240e-01  6.24681057e-01
  -5.04929253e-01  1.00000000e+00]
 [ 2.16000000e+02  9.52418242e-02 -4.02815020e-01  1.66682116e+00
  -1.16580718e+00 -1.00000000e+00]]"
.kernel.kernels[1].variance,1.8089390560919878,,,,,matern32_rbf_intra_sin,lfbgs,2,2023,"Day,Overall_Day,Latitude,Longitude,embay_dist,SST",ES,SVGP,False,5.1,Like 3.6 but with Satellite Data Added In.,500,100,"[[ 1.93000000e+02 -5.55823030e-01  1.47022240e-01  6.24681057e-01
  -5.04929253e-01 -1.00000000e+00]
 [ 1.94000000e+02 -5.27515862e-01 -8.76075621e-01 -8.56781855e-01
  -2.49763497e-01  1.00000000e+00]
 [ 2.00000000e+02 -3.57672857e-01  3.72370344e-01 -1.07826882e+00
   1.12770723e+00  1.00000000e+00]
 ...
 [ 2.66000000e+02  1.51060020e+00 -8.76075621e-01 -8.56781855e-01
  -2.49763497e-01  1.00000000e+00]
 [ 1.52000000e+02 -1.71641690e+00  1.47022240e-01  6.24681057e-01
  -5.04929253e-01  1.00000000e+00]
 [ 2.16000000e+02  9.52418242e-02 -4.02815020e-01  1.66682116e+00
  -1.16580718e+00 -1.00000000e+00]]"
.kernel.kernels[1].lengthscales,0.2706286955040699,,,,,matern32_rbf_intra_sin,lfbgs,2,2023,"Day,Overall_Day,Latitude,Longitude,embay_dist,SST",ES,SVGP,False,5.1,Like 3.6 but with Satellite Data Added In.,500,100,"[[ 1.93000000e+02 -5.55823030e-01  1.47022240e-01  6.24681057e-01
  -5.04929253e-01 -1.00000000e+00]
 [ 1.94000000e+02 -5.27515862e-01 -8.76075621e-01 -8.56781855e-01
  -2.49763497e-01  1.00000000e+00]
 [ 2.00000000e+02 -3.57672857e-01  3.72370344e-01 -1.07826882e+00
   1.12770723e+00  1.00000000e+00]
 ...
 [ 2.66000000e+02  1.51060020e+00 -8.76075621e-01 -8.56781855e-01
  -2.49763497e-01  1.00000000e+00]
 [ 1.52000000e+02 -1.71641690e+00  1.47022240e-01  6.24681057e-01
  -5.04929253e-01  1.00000000e+00]
 [ 2.16000000e+02  9.52418242e-02 -4.02815020e-01  1.66682116e+00
  -1.16580718e+00 -1.00000000e+00]]"
.kernel.kernels[2].variance,0.42891154669698495,,,,,matern32_rbf_intra_sin,lfbgs,2,2023,"Day,Overall_Day,Latitude,Longitude,embay_dist,SST",ES,SVGP,False,5.1,Like 3.6 but with Satellite Data Added In.,500,100,"[[ 1.93000000e+02 -5.55823030e-01  1.47022240e-01  6.24681057e-01
  -5.04929253e-01 -1.00000000e+00]
 [ 1.94000000e+02 -5.27515862e-01 -8.76075621e-01 -8.56781855e-01
  -2.49763497e-01  1.00000000e+00]
 [ 2.00000000e+02 -3.57672857e-01  3.72370344e-01 -1.07826882e+00
   1.12770723e+00  1.00000000e+00]
 ...
 [ 2.66000000e+02  1.51060020e+00 -8.76075621e-01 -8.56781855e-01
  -2.49763497e-01  1.00000000e+00]
 [ 1.52000000e+02 -1.71641690e+00  1.47022240e-01  6.24681057e-01
  -5.04929253e-01  1.00000000e+00]
 [ 2.16000000e+02  9.52418242e-02 -4.02815020e-01  1.66682116e+00
  -1.16580718e+00 -1.00000000e+00]]"
.kernel.kernels[2].lengthscales,365.0,,,,,matern32_rbf_intra_sin,lfbgs,2,2023,"Day,Overall_Day,Latitude,Longitude,embay_dist,SST",ES,SVGP,False,5.1,Like 3.6 but with Satellite Data Added In.,500,100,"[[ 1.93000000e+02 -5.55823030e-01  1.47022240e-01  6.24681057e-01
  -5.04929253e-01 -1.00000000e+00]
 [ 1.94000000e+02 -5.27515862e-01 -8.76075621e-01 -8.56781855e-01
  -2.49763497e-01  1.00000000e+00]
 [ 2.00000000e+02 -3.57672857e-01  3.72370344e-01 -1.07826882e+00
   1.12770723e+00  1.00000000e+00]
 ...
 [ 2.66000000e+02  1.51060020e+00 -8.76075621e-01 -8.56781855e-01
  -2.49763497e-01  1.00000000e+00]
 [ 1.52000000e+02 -1.71641690e+00  1.47022240e-01  6.24681057e-01
  -5.04929253e-01  1.00000000e+00]
 [ 2.16000000e+02  9.52418242e-02 -4.02815020e-01  1.66682116e+00
  -1.16580718e+00 -1.00000000e+00]]"
.kernel.kernels[3].kernels[0].variance,1.061728889467276,,,,,matern32_rbf_intra_sin,lfbgs,2,2023,"Day,Overall_Day,Latitude,Longitude,embay_dist,SST",ES,SVGP,False,5.1,Like 3.6 but with Satellite Data Added In.,500,100,"[[ 1.93000000e+02 -5.55823030e-01  1.47022240e-01  6.24681057e-01
  -5.04929253e-01 -1.00000000e+00]
 [ 1.94000000e+02 -5.27515862e-01 -8.76075621e-01 -8.56781855e-01
  -2.49763497e-01  1.00000000e+00]
 [ 2.00000000e+02 -3.57672857e-01  3.72370344e-01 -1.07826882e+00
   1.12770723e+00  1.00000000e+00]
 ...
 [ 2.66000000e+02  1.51060020e+00 -8.76075621e-01 -8.56781855e-01
  -2.49763497e-01  1.00000000e+00]
 [ 1.52000000e+02 -1.71641690e+00  1.47022240e-01  6.24681057e-01
  -5.04929253e-01  1.00000000e+00]
 [ 2.16000000e+02  9.52418242e-02 -4.02815020e-01  1.66682116e+00
  -1.16580718e+00 -1.00000000e+00]]"
.kernel.kernels[3].kernels[1].variance,1.0617288894672734,,,,,matern32_rbf_intra_sin,lfbgs,2,2023,"Day,Overall_Day,Latitude,Longitude,embay_dist,SST",ES,SVGP,False,5.1,Like 3.6 but with Satellite Data Added In.,500,100,"[[ 1.93000000e+02 -5.55823030e-01  1.47022240e-01  6.24681057e-01
  -5.04929253e-01 -1.00000000e+00]
 [ 1.94000000e+02 -5.27515862e-01 -8.76075621e-01 -8.56781855e-01
  -2.49763497e-01  1.00000000e+00]
 [ 2.00000000e+02 -3.57672857e-01  3.72370344e-01 -1.07826882e+00
   1.12770723e+00  1.00000000e+00]
 ...
 [ 2.66000000e+02  1.51060020e+00 -8.76075621e-01 -8.56781855e-01
  -2.49763497e-01  1.00000000e+00]
 [ 1.52000000e+02 -1.71641690e+00  1.47022240e-01  6.24681057e-01
  -5.04929253e-01  1.00000000e+00]
 [ 2.16000000e+02  9.52418242e-02 -4.02815020e-01  1.66682116e+00
  -1.16580718e+00 -1.00000000e+00]]"
.kernel.kernels[3].kernels[1].lengthscales,365.0,,,,,matern32_rbf_intra_sin,lfbgs,2,2023,"Day,Overall_Day,Latitude,Longitude,embay_dist,SST",ES,SVGP,False,5.1,Like 3.6 but with Satellite Data Added In.,500,100,"[[ 1.93000000e+02 -5.55823030e-01  1.47022240e-01  6.24681057e-01
  -5.04929253e-01 -1.00000000e+00]
 [ 1.94000000e+02 -5.27515862e-01 -8.76075621e-01 -8.56781855e-01
  -2.49763497e-01  1.00000000e+00]
 [ 2.00000000e+02 -3.57672857e-01  3.72370344e-01 -1.07826882e+00
   1.12770723e+00  1.00000000e+00]
 ...
 [ 2.66000000e+02  1.51060020e+00 -8.76075621e-01 -8.56781855e-01
  -2.49763497e-01  1.00000000e+00]
 [ 1.52000000e+02 -1.71641690e+00  1.47022240e-01  6.24681057e-01
  -5.04929253e-01  1.00000000e+00]
 [ 2.16000000e+02  9.52418242e-02 -4.02815020e-01  1.66682116e+00
  -1.16580718e+00 -1.00000000e+00]]"
.kernel.kernels[0].variance,0.732824498531766,,,,,matern32_rbf_intra_sin,lfbgs,3,2023,"Day,Overall_Day,Latitude,Longitude,embay_dist,SST",ES,SVGP,False,5.1,Like 3.6 but with Satellite Data Added In.,500,100,"[[ 1.87000000e+02 -7.22152436e-01 -8.33805001e-01  1.17597121e+00
  -1.46519275e+00  1.00000000e+00]
 [ 2.25000000e+02  3.58158807e-01 -7.55717107e-01 -4.43202450e-01
  -6.52995980e-01 -1.00000000e+00]
 [ 2.63000000e+02  1.43847005e+00 -7.55717107e-01 -4.43202450e-01
  -6.52995980e-01  1.00000000e+00]
 ...
 [ 2.43000000e+02  8.69885184e-01 -7.55717107e-01 -4.43202450e-01
  -6.52995980e-01 -1.00000000e+00]
 [ 1.55000000e+02 -1.63188822e+00 -7.55717107e-01 -4.43202450e-01
  -6.52995980e-01 -1.00000000e+00]
 [ 2.20000000e+02  2.16012590e-01  1.12459161e-01 -7.00072699e-01
   5.64383416e-01  1.00000000e+00]]"
.kernel.kernels[0].lengthscales,2.494739980297641,1.2804742539955198,1.278632177712887,1.3973476422295517,1.7324512928180227,matern32_rbf_intra_sin,lfbgs,3,2023,"Day,Overall_Day,Latitude,Longitude,embay_dist,SST",ES,SVGP,False,5.1,Like 3.6 but with Satellite Data Added In.,500,100,"[[ 1.87000000e+02 -7.22152436e-01 -8.33805001e-01  1.17597121e+00
  -1.46519275e+00  1.00000000e+00]
 [ 2.25000000e+02  3.58158807e-01 -7.55717107e-01 -4.43202450e-01
  -6.52995980e-01 -1.00000000e+00]
 [ 2.63000000e+02  1.43847005e+00 -7.55717107e-01 -4.43202450e-01
  -6.52995980e-01  1.00000000e+00]
 ...
 [ 2.43000000e+02  8.69885184e-01 -7.55717107e-01 -4.43202450e-01
  -6.52995980e-01 -1.00000000e+00]
 [ 1.55000000e+02 -1.63188822e+00 -7.55717107e-01 -4.43202450e-01
  -6.52995980e-01 -1.00000000e+00]
 [ 2.20000000e+02  2.16012590e-01  1.12459161e-01 -7.00072699e-01
   5.64383416e-01  1.00000000e+00]]"
.kernel.kernels[1].variance,1.7716822958811091,,,,,matern32_rbf_intra_sin,lfbgs,3,2023,"Day,Overall_Day,Latitude,Longitude,embay_dist,SST",ES,SVGP,False,5.1,Like 3.6 but with Satellite Data Added In.,500,100,"[[ 1.87000000e+02 -7.22152436e-01 -8.33805001e-01  1.17597121e+00
  -1.46519275e+00  1.00000000e+00]
 [ 2.25000000e+02  3.58158807e-01 -7.55717107e-01 -4.43202450e-01
  -6.52995980e-01 -1.00000000e+00]
 [ 2.63000000e+02  1.43847005e+00 -7.55717107e-01 -4.43202450e-01
  -6.52995980e-01  1.00000000e+00]
 ...
 [ 2.43000000e+02  8.69885184e-01 -7.55717107e-01 -4.43202450e-01
  -6.52995980e-01 -1.00000000e+00]
 [ 1.55000000e+02 -1.63188822e+00 -7.55717107e-01 -4.43202450e-01
  -6.52995980e-01 -1.00000000e+00]
 [ 2.20000000e+02  2.16012590e-01  1.12459161e-01 -7.00072699e-01
   5.64383416e-01  1.00000000e+00]]"
.kernel.kernels[1].lengthscales,0.4081373382219955,,,,,matern32_rbf_intra_sin,lfbgs,3,2023,"Day,Overall_Day,Latitude,Longitude,embay_dist,SST",ES,SVGP,False,5.1,Like 3.6 but with Satellite Data Added In.,500,100,"[[ 1.87000000e+02 -7.22152436e-01 -8.33805001e-01  1.17597121e+00
  -1.46519275e+00  1.00000000e+00]
 [ 2.25000000e+02  3.58158807e-01 -7.55717107e-01 -4.43202450e-01
  -6.52995980e-01 -1.00000000e+00]
 [ 2.63000000e+02  1.43847005e+00 -7.55717107e-01 -4.43202450e-01
  -6.52995980e-01  1.00000000e+00]
 ...
 [ 2.43000000e+02  8.69885184e-01 -7.55717107e-01 -4.43202450e-01
  -6.52995980e-01 -1.00000000e+00]
 [ 1.55000000e+02 -1.63188822e+00 -7.55717107e-01 -4.43202450e-01
  -6.52995980e-01 -1.00000000e+00]
 [ 2.20000000e+02  2.16012590e-01  1.12459161e-01 -7.00072699e-01
   5.64383416e-01  1.00000000e+00]]"
.kernel.kernels[2].variance,0.37480225058274513,,,,,matern32_rbf_intra_sin,lfbgs,3,2023,"Day,Overall_Day,Latitude,Longitude,embay_dist,SST",ES,SVGP,False,5.1,Like 3.6 but with Satellite Data Added In.,500,100,"[[ 1.87000000e+02 -7.22152436e-01 -8.33805001e-01  1.17597121e+00
  -1.46519275e+00  1.00000000e+00]
 [ 2.25000000e+02  3.58158807e-01 -7.55717107e-01 -4.43202450e-01
  -6.52995980e-01 -1.00000000e+00]
 [ 2.63000000e+02  1.43847005e+00 -7.55717107e-01 -4.43202450e-01
  -6.52995980e-01  1.00000000e+00]
 ...
 [ 2.43000000e+02  8.69885184e-01 -7.55717107e-01 -4.43202450e-01
  -6.52995980e-01 -1.00000000e+00]
 [ 1.55000000e+02 -1.63188822e+00 -7.55717107e-01 -4.43202450e-01
  -6.52995980e-01 -1.00000000e+00]
 [ 2.20000000e+02  2.16012590e-01  1.12459161e-01 -7.00072699e-01
   5.64383416e-01  1.00000000e+00]]"
.kernel.kernels[2].lengthscales,365.0,,,,,matern32_rbf_intra_sin,lfbgs,3,2023,"Day,Overall_Day,Latitude,Longitude,embay_dist,SST",ES,SVGP,False,5.1,Like 3.6 but with Satellite Data Added In.,500,100,"[[ 1.87000000e+02 -7.22152436e-01 -8.33805001e-01  1.17597121e+00
  -1.46519275e+00  1.00000000e+00]
 [ 2.25000000e+02  3.58158807e-01 -7.55717107e-01 -4.43202450e-01
  -6.52995980e-01 -1.00000000e+00]
 [ 2.63000000e+02  1.43847005e+00 -7.55717107e-01 -4.43202450e-01
  -6.52995980e-01  1.00000000e+00]
 ...
 [ 2.43000000e+02  8.69885184e-01 -7.55717107e-01 -4.43202450e-01
  -6.52995980e-01 -1.00000000e+00]
 [ 1.55000000e+02 -1.63188822e+00 -7.55717107e-01 -4.43202450e-01
  -6.52995980e-01 -1.00000000e+00]
 [ 2.20000000e+02  2.16012590e-01  1.12459161e-01 -7.00072699e-01
   5.64383416e-01  1.00000000e+00]]"
.kernel.kernels[3].kernels[0].variance,1.0903021050040445,,,,,matern32_rbf_intra_sin,lfbgs,3,2023,"Day,Overall_Day,Latitude,Longitude,embay_dist,SST",ES,SVGP,False,5.1,Like 3.6 but with Satellite Data Added In.,500,100,"[[ 1.87000000e+02 -7.22152436e-01 -8.33805001e-01  1.17597121e+00
  -1.46519275e+00  1.00000000e+00]
 [ 2.25000000e+02  3.58158807e-01 -7.55717107e-01 -4.43202450e-01
  -6.52995980e-01 -1.00000000e+00]
 [ 2.63000000e+02  1.43847005e+00 -7.55717107e-01 -4.43202450e-01
  -6.52995980e-01  1.00000000e+00]
 ...
 [ 2.43000000e+02  8.69885184e-01 -7.55717107e-01 -4.43202450e-01
  -6.52995980e-01 -1.00000000e+00]
 [ 1.55000000e+02 -1.63188822e+00 -7.55717107e-01 -4.43202450e-01
  -6.52995980e-01 -1.00000000e+00]
 [ 2.20000000e+02  2.16012590e-01  1.12459161e-01 -7.00072699e-01
   5.64383416e-01  1.00000000e+00]]"
.kernel.kernels[3].kernels[1].variance,1.0903021050040396,,,,,matern32_rbf_intra_sin,lfbgs,3,2023,"Day,Overall_Day,Latitude,Longitude,embay_dist,SST",ES,SVGP,False,5.1,Like 3.6 but with Satellite Data Added In.,500,100,"[[ 1.87000000e+02 -7.22152436e-01 -8.33805001e-01  1.17597121e+00
  -1.46519275e+00  1.00000000e+00]
 [ 2.25000000e+02  3.58158807e-01 -7.55717107e-01 -4.43202450e-01
  -6.52995980e-01 -1.00000000e+00]
 [ 2.63000000e+02  1.43847005e+00 -7.55717107e-01 -4.43202450e-01
  -6.52995980e-01  1.00000000e+00]
 ...
 [ 2.43000000e+02  8.69885184e-01 -7.55717107e-01 -4.43202450e-01
  -6.52995980e-01 -1.00000000e+00]
 [ 1.55000000e+02 -1.63188822e+00 -7.55717107e-01 -4.43202450e-01
  -6.52995980e-01 -1.00000000e+00]
 [ 2.20000000e+02  2.16012590e-01  1.12459161e-01 -7.00072699e-01
   5.64383416e-01  1.00000000e+00]]"
.kernel.kernels[3].kernels[1].lengthscales,365.0,,,,,matern32_rbf_intra_sin,lfbgs,3,2023,"Day,Overall_Day,Latitude,Longitude,embay_dist,SST",ES,SVGP,False,5.1,Like 3.6 but with Satellite Data Added In.,500,100,"[[ 1.87000000e+02 -7.22152436e-01 -8.33805001e-01  1.17597121e+00
  -1.46519275e+00  1.00000000e+00]
 [ 2.25000000e+02  3.58158807e-01 -7.55717107e-01 -4.43202450e-01
  -6.52995980e-01 -1.00000000e+00]
 [ 2.63000000e+02  1.43847005e+00 -7.55717107e-01 -4.43202450e-01
  -6.52995980e-01  1.00000000e+00]
 ...
 [ 2.43000000e+02  8.69885184e-01 -7.55717107e-01 -4.43202450e-01
  -6.52995980e-01 -1.00000000e+00]
 [ 1.55000000e+02 -1.63188822e+00 -7.55717107e-01 -4.43202450e-01
  -6.52995980e-01 -1.00000000e+00]
 [ 2.20000000e+02  2.16012590e-01  1.12459161e-01 -7.00072699e-01
   5.64383416e-01  1.00000000e+00]]"
.kernel.kernels[0].variance,0.832348563565634,,,,,matern32_rbf_intra_sin,lfbgs,4,2023,"Day,Overall_Day,Latitude,Longitude,embay_dist,SST",ES,SVGP,False,5.1,Like 3.6 but with Satellite Data Added In.,500,100,"[[ 2.61000000e+02  1.38038763e+00 -8.02727679e-01 -1.14869758e+00
   3.64892610e-02 -1.00000000e+00]
 [ 1.77000000e+02 -1.00842380e+00  3.08664697e-01  4.30425340e-01
  -2.70066556e-01 -1.00000000e+00]
 [ 2.28000000e+02  4.41925993e-01  5.08436155e+00  5.13490935e-01
   4.07683334e+00 -1.00000000e+00]
 ...
 [ 1.80000000e+02 -9.23109110e-01 -8.02727679e-01 -1.14869758e+00
   3.64892610e-02  1.00000000e+00]
 [ 2.38000000e+02  7.26308306e-01 -2.74345783e-01  1.07149096e+00
  -7.94644499e-01 -1.00000000e+00]
 [ 1.80000000e+02 -9.23109110e-01  5.53460601e-01 -1.38478527e+00
   1.69138086e+00  1.00000000e+00]]"
.kernel.kernels[0].lengthscales,3.2618249969843784,2.222388020859923,0.809012563842108,2.260109707756806,1.9601057664669985,matern32_rbf_intra_sin,lfbgs,4,2023,"Day,Overall_Day,Latitude,Longitude,embay_dist,SST",ES,SVGP,False,5.1,Like 3.6 but with Satellite Data Added In.,500,100,"[[ 2.61000000e+02  1.38038763e+00 -8.02727679e-01 -1.14869758e+00
   3.64892610e-02 -1.00000000e+00]
 [ 1.77000000e+02 -1.00842380e+00  3.08664697e-01  4.30425340e-01
  -2.70066556e-01 -1.00000000e+00]
 [ 2.28000000e+02  4.41925993e-01  5.08436155e+00  5.13490935e-01
   4.07683334e+00 -1.00000000e+00]
 ...
 [ 1.80000000e+02 -9.23109110e-01 -8.02727679e-01 -1.14869758e+00
   3.64892610e-02  1.00000000e+00]
 [ 2.38000000e+02  7.26308306e-01 -2.74345783e-01  1.07149096e+00
  -7.94644499e-01 -1.00000000e+00]
 [ 1.80000000e+02 -9.23109110e-01  5.53460601e-01 -1.38478527e+00
   1.69138086e+00  1.00000000e+00]]"
.kernel.kernels[1].variance,1.8352190751055149,,,,,matern32_rbf_intra_sin,lfbgs,4,2023,"Day,Overall_Day,Latitude,Longitude,embay_dist,SST",ES,SVGP,False,5.1,Like 3.6 but with Satellite Data Added In.,500,100,"[[ 2.61000000e+02  1.38038763e+00 -8.02727679e-01 -1.14869758e+00
   3.64892610e-02 -1.00000000e+00]
 [ 1.77000000e+02 -1.00842380e+00  3.08664697e-01  4.30425340e-01
  -2.70066556e-01 -1.00000000e+00]
 [ 2.28000000e+02  4.41925993e-01  5.08436155e+00  5.13490935e-01
   4.07683334e+00 -1.00000000e+00]
 ...
 [ 1.80000000e+02 -9.23109110e-01 -8.02727679e-01 -1.14869758e+00
   3.64892610e-02  1.00000000e+00]
 [ 2.38000000e+02  7.26308306e-01 -2.74345783e-01  1.07149096e+00
  -7.94644499e-01 -1.00000000e+00]
 [ 1.80000000e+02 -9.23109110e-01  5.53460601e-01 -1.38478527e+00
   1.69138086e+00  1.00000000e+00]]"
.kernel.kernels[1].lengthscales,0.3806814509162044,,,,,matern32_rbf_intra_sin,lfbgs,4,2023,"Day,Overall_Day,Latitude,Longitude,embay_dist,SST",ES,SVGP,False,5.1,Like 3.6 but with Satellite Data Added In.,500,100,"[[ 2.61000000e+02  1.38038763e+00 -8.02727679e-01 -1.14869758e+00
   3.64892610e-02 -1.00000000e+00]
 [ 1.77000000e+02 -1.00842380e+00  3.08664697e-01  4.30425340e-01
  -2.70066556e-01 -1.00000000e+00]
 [ 2.28000000e+02  4.41925993e-01  5.08436155e+00  5.13490935e-01
   4.07683334e+00 -1.00000000e+00]
 ...
 [ 1.80000000e+02 -9.23109110e-01 -8.02727679e-01 -1.14869758e+00
   3.64892610e-02  1.00000000e+00]
 [ 2.38000000e+02  7.26308306e-01 -2.74345783e-01  1.07149096e+00
  -7.94644499e-01 -1.00000000e+00]
 [ 1.80000000e+02 -9.23109110e-01  5.53460601e-01 -1.38478527e+00
   1.69138086e+00  1.00000000e+00]]"
.kernel.kernels[2].variance,0.5688371755542998,,,,,matern32_rbf_intra_sin,lfbgs,4,2023,"Day,Overall_Day,Latitude,Longitude,embay_dist,SST",ES,SVGP,False,5.1,Like 3.6 but with Satellite Data Added In.,500,100,"[[ 2.61000000e+02  1.38038763e+00 -8.02727679e-01 -1.14869758e+00
   3.64892610e-02 -1.00000000e+00]
 [ 1.77000000e+02 -1.00842380e+00  3.08664697e-01  4.30425340e-01
  -2.70066556e-01 -1.00000000e+00]
 [ 2.28000000e+02  4.41925993e-01  5.08436155e+00  5.13490935e-01
   4.07683334e+00 -1.00000000e+00]
 ...
 [ 1.80000000e+02 -9.23109110e-01 -8.02727679e-01 -1.14869758e+00
   3.64892610e-02  1.00000000e+00]
 [ 2.38000000e+02  7.26308306e-01 -2.74345783e-01  1.07149096e+00
  -7.94644499e-01 -1.00000000e+00]
 [ 1.80000000e+02 -9.23109110e-01  5.53460601e-01 -1.38478527e+00
   1.69138086e+00  1.00000000e+00]]"
.kernel.kernels[2].lengthscales,365.0,,,,,matern32_rbf_intra_sin,lfbgs,4,2023,"Day,Overall_Day,Latitude,Longitude,embay_dist,SST",ES,SVGP,False,5.1,Like 3.6 but with Satellite Data Added In.,500,100,"[[ 2.61000000e+02  1.38038763e+00 -8.02727679e-01 -1.14869758e+00
   3.64892610e-02 -1.00000000e+00]
 [ 1.77000000e+02 -1.00842380e+00  3.08664697e-01  4.30425340e-01
  -2.70066556e-01 -1.00000000e+00]
 [ 2.28000000e+02  4.41925993e-01  5.08436155e+00  5.13490935e-01
   4.07683334e+00 -1.00000000e+00]
 ...
 [ 1.80000000e+02 -9.23109110e-01 -8.02727679e-01 -1.14869758e+00
   3.64892610e-02  1.00000000e+00]
 [ 2.38000000e+02  7.26308306e-01 -2.74345783e-01  1.07149096e+00
  -7.94644499e-01 -1.00000000e+00]
 [ 1.80000000e+02 -9.23109110e-01  5.53460601e-01 -1.38478527e+00
   1.69138086e+00  1.00000000e+00]]"
.kernel.kernels[3].kernels[0].variance,0.8632932912273594,,,,,matern32_rbf_intra_sin,lfbgs,4,2023,"Day,Overall_Day,Latitude,Longitude,embay_dist,SST",ES,SVGP,False,5.1,Like 3.6 but with Satellite Data Added In.,500,100,"[[ 2.61000000e+02  1.38038763e+00 -8.02727679e-01 -1.14869758e+00
   3.64892610e-02 -1.00000000e+00]
 [ 1.77000000e+02 -1.00842380e+00  3.08664697e-01  4.30425340e-01
  -2.70066556e-01 -1.00000000e+00]
 [ 2.28000000e+02  4.41925993e-01  5.08436155e+00  5.13490935e-01
   4.07683334e+00 -1.00000000e+00]
 ...
 [ 1.80000000e+02 -9.23109110e-01 -8.02727679e-01 -1.14869758e+00
   3.64892610e-02  1.00000000e+00]
 [ 2.38000000e+02  7.26308306e-01 -2.74345783e-01  1.07149096e+00
  -7.94644499e-01 -1.00000000e+00]
 [ 1.80000000e+02 -9.23109110e-01  5.53460601e-01 -1.38478527e+00
   1.69138086e+00  1.00000000e+00]]"
.kernel.kernels[3].kernels[1].variance,0.8632932912273743,,,,,matern32_rbf_intra_sin,lfbgs,4,2023,"Day,Overall_Day,Latitude,Longitude,embay_dist,SST",ES,SVGP,False,5.1,Like 3.6 but with Satellite Data Added In.,500,100,"[[ 2.61000000e+02  1.38038763e+00 -8.02727679e-01 -1.14869758e+00
   3.64892610e-02 -1.00000000e+00]
 [ 1.77000000e+02 -1.00842380e+00  3.08664697e-01  4.30425340e-01
  -2.70066556e-01 -1.00000000e+00]
 [ 2.28000000e+02  4.41925993e-01  5.08436155e+00  5.13490935e-01
   4.07683334e+00 -1.00000000e+00]
 ...
 [ 1.80000000e+02 -9.23109110e-01 -8.02727679e-01 -1.14869758e+00
   3.64892610e-02  1.00000000e+00]
 [ 2.38000000e+02  7.26308306e-01 -2.74345783e-01  1.07149096e+00
  -7.94644499e-01 -1.00000000e+00]
 [ 1.80000000e+02 -9.23109110e-01  5.53460601e-01 -1.38478527e+00
   1.69138086e+00  1.00000000e+00]]"
.kernel.kernels[3].kernels[1].lengthscales,365.0,,,,,matern32_rbf_intra_sin,lfbgs,4,2023,"Day,Overall_Day,Latitude,Longitude,embay_dist,SST",ES,SVGP,False,5.1,Like 3.6 but with Satellite Data Added In.,500,100,"[[ 2.61000000e+02  1.38038763e+00 -8.02727679e-01 -1.14869758e+00
   3.64892610e-02 -1.00000000e+00]
 [ 1.77000000e+02 -1.00842380e+00  3.08664697e-01  4.30425340e-01
  -2.70066556e-01 -1.00000000e+00]
 [ 2.28000000e+02  4.41925993e-01  5.08436155e+00  5.13490935e-01
   4.07683334e+00 -1.00000000e+00]
 ...
 [ 1.80000000e+02 -9.23109110e-01 -8.02727679e-01 -1.14869758e+00
   3.64892610e-02  1.00000000e+00]
 [ 2.38000000e+02  7.26308306e-01 -2.74345783e-01  1.07149096e+00
  -7.94644499e-01 -1.00000000e+00]
 [ 1.80000000e+02 -9.23109110e-01  5.53460601e-01 -1.38478527e+00
   1.69138086e+00  1.00000000e+00]]"
