,0,1,2,3,4,5,6,7,8,Kernel,Optimizer,Fold,Year,Independent Vars,Area,Method,Spatial PCA,Model Name,Notes,Inducing Locations,Epochs/Fold,Inducing Variables
.kernel.kernels[0].variance,0.7962666962331381,,,,,,,,,rbf_matern32_sin_lin_sin,lfbgs,0,0,"Day,Overall_Day,Latitude,Longitude,embay_dist,minute_of_day",ES,SVGP,False,4.6.2,4.6.2 has build_functions_v2 implemented.,1000,25,"[[-1.67132205e+00  1.58000000e+02 -5.96741712e+00 ...  0.00000000e+00
   0.00000000e+00  0.00000000e+00]
 [ 6.88251851e-01  2.39000000e+02 -5.96741712e+00 ...  0.00000000e+00
   0.00000000e+00  0.00000000e+00]
 [-1.55479989e+00  5.27000000e+02 -5.96741712e+00 ...  0.00000000e+00
   0.00000000e+00  0.00000000e+00]
 ...
 [ 2.80424262e-01  9.55000000e+02 -9.77498843e-01 ...  1.00000000e+00
   0.00000000e+00  0.00000000e+00]
 [-1.78784422e+00  5.19000000e+02  5.04618534e-01 ...  0.00000000e+00
   0.00000000e+00  0.00000000e+00]
 [-2.73056036e-01  5.71000000e+02  5.77132341e-01 ...  0.00000000e+00
   0.00000000e+00  0.00000000e+00]]"
.kernel.kernels[0].lengthscales,1.0737917264781636,1.135682657018034,1.8987573064955383,1.7376048891718836,1.8463000543220753,1.9974102329428416,1.5060937089366995,1.7736404003410378,1.8347890457986258,rbf_matern32_sin_lin_sin,lfbgs,0,0,"Day,Overall_Day,Latitude,Longitude,embay_dist,minute_of_day",ES,SVGP,False,4.6.2,4.6.2 has build_functions_v2 implemented.,1000,25,"[[-1.67132205e+00  1.58000000e+02 -5.96741712e+00 ...  0.00000000e+00
   0.00000000e+00  0.00000000e+00]
 [ 6.88251851e-01  2.39000000e+02 -5.96741712e+00 ...  0.00000000e+00
   0.00000000e+00  0.00000000e+00]
 [-1.55479989e+00  5.27000000e+02 -5.96741712e+00 ...  0.00000000e+00
   0.00000000e+00  0.00000000e+00]
 ...
 [ 2.80424262e-01  9.55000000e+02 -9.77498843e-01 ...  1.00000000e+00
   0.00000000e+00  0.00000000e+00]
 [-1.78784422e+00  5.19000000e+02  5.04618534e-01 ...  0.00000000e+00
   0.00000000e+00  0.00000000e+00]
 [-2.73056036e-01  5.71000000e+02  5.77132341e-01 ...  0.00000000e+00
   0.00000000e+00  0.00000000e+00]]"
.kernel.kernels[1].variance,0.5246300605804676,,,,,,,,,rbf_matern32_sin_lin_sin,lfbgs,0,0,"Day,Overall_Day,Latitude,Longitude,embay_dist,minute_of_day",ES,SVGP,False,4.6.2,4.6.2 has build_functions_v2 implemented.,1000,25,"[[-1.67132205e+00  1.58000000e+02 -5.96741712e+00 ...  0.00000000e+00
   0.00000000e+00  0.00000000e+00]
 [ 6.88251851e-01  2.39000000e+02 -5.96741712e+00 ...  0.00000000e+00
   0.00000000e+00  0.00000000e+00]
 [-1.55479989e+00  5.27000000e+02 -5.96741712e+00 ...  0.00000000e+00
   0.00000000e+00  0.00000000e+00]
 ...
 [ 2.80424262e-01  9.55000000e+02 -9.77498843e-01 ...  1.00000000e+00
   0.00000000e+00  0.00000000e+00]
 [-1.78784422e+00  5.19000000e+02  5.04618534e-01 ...  0.00000000e+00
   0.00000000e+00  0.00000000e+00]
 [-2.73056036e-01  5.71000000e+02  5.77132341e-01 ...  0.00000000e+00
   0.00000000e+00  0.00000000e+00]]"
.kernel.kernels[1].lengthscales,1.9109826936716883,1.3547529960745948,1.246400508750649,1.6228405158884587,2.118660490316403,2.3585152038774266,2.025419793910123,2.186817386344877,2.3039763398209145,rbf_matern32_sin_lin_sin,lfbgs,0,0,"Day,Overall_Day,Latitude,Longitude,embay_dist,minute_of_day",ES,SVGP,False,4.6.2,4.6.2 has build_functions_v2 implemented.,1000,25,"[[-1.67132205e+00  1.58000000e+02 -5.96741712e+00 ...  0.00000000e+00
   0.00000000e+00  0.00000000e+00]
 [ 6.88251851e-01  2.39000000e+02 -5.96741712e+00 ...  0.00000000e+00
   0.00000000e+00  0.00000000e+00]
 [-1.55479989e+00  5.27000000e+02 -5.96741712e+00 ...  0.00000000e+00
   0.00000000e+00  0.00000000e+00]
 ...
 [ 2.80424262e-01  9.55000000e+02 -9.77498843e-01 ...  1.00000000e+00
   0.00000000e+00  0.00000000e+00]
 [-1.78784422e+00  5.19000000e+02  5.04618534e-01 ...  0.00000000e+00
   0.00000000e+00  0.00000000e+00]
 [-2.73056036e-01  5.71000000e+02  5.77132341e-01 ...  0.00000000e+00
   0.00000000e+00  0.00000000e+00]]"
.kernel.kernels[2].kernels[0].variance,0.7818219169107221,,,,,,,,,rbf_matern32_sin_lin_sin,lfbgs,0,0,"Day,Overall_Day,Latitude,Longitude,embay_dist,minute_of_day",ES,SVGP,False,4.6.2,4.6.2 has build_functions_v2 implemented.,1000,25,"[[-1.67132205e+00  1.58000000e+02 -5.96741712e+00 ...  0.00000000e+00
   0.00000000e+00  0.00000000e+00]
 [ 6.88251851e-01  2.39000000e+02 -5.96741712e+00 ...  0.00000000e+00
   0.00000000e+00  0.00000000e+00]
 [-1.55479989e+00  5.27000000e+02 -5.96741712e+00 ...  0.00000000e+00
   0.00000000e+00  0.00000000e+00]
 ...
 [ 2.80424262e-01  9.55000000e+02 -9.77498843e-01 ...  1.00000000e+00
   0.00000000e+00  0.00000000e+00]
 [-1.78784422e+00  5.19000000e+02  5.04618534e-01 ...  0.00000000e+00
   0.00000000e+00  0.00000000e+00]
 [-2.73056036e-01  5.71000000e+02  5.77132341e-01 ...  0.00000000e+00
   0.00000000e+00  0.00000000e+00]]"
.kernel.kernels[2].kernels[1].variance,1.0,,,,,,,,,rbf_matern32_sin_lin_sin,lfbgs,0,0,"Day,Overall_Day,Latitude,Longitude,embay_dist,minute_of_day",ES,SVGP,False,4.6.2,4.6.2 has build_functions_v2 implemented.,1000,25,"[[-1.67132205e+00  1.58000000e+02 -5.96741712e+00 ...  0.00000000e+00
   0.00000000e+00  0.00000000e+00]
 [ 6.88251851e-01  2.39000000e+02 -5.96741712e+00 ...  0.00000000e+00
   0.00000000e+00  0.00000000e+00]
 [-1.55479989e+00  5.27000000e+02 -5.96741712e+00 ...  0.00000000e+00
   0.00000000e+00  0.00000000e+00]
 ...
 [ 2.80424262e-01  9.55000000e+02 -9.77498843e-01 ...  1.00000000e+00
   0.00000000e+00  0.00000000e+00]
 [-1.78784422e+00  5.19000000e+02  5.04618534e-01 ...  0.00000000e+00
   0.00000000e+00  0.00000000e+00]
 [-2.73056036e-01  5.71000000e+02  5.77132341e-01 ...  0.00000000e+00
   0.00000000e+00  0.00000000e+00]]"
.kernel.kernels[2].kernels[1].lengthscales,365.0,,,,,,,,,rbf_matern32_sin_lin_sin,lfbgs,0,0,"Day,Overall_Day,Latitude,Longitude,embay_dist,minute_of_day",ES,SVGP,False,4.6.2,4.6.2 has build_functions_v2 implemented.,1000,25,"[[-1.67132205e+00  1.58000000e+02 -5.96741712e+00 ...  0.00000000e+00
   0.00000000e+00  0.00000000e+00]
 [ 6.88251851e-01  2.39000000e+02 -5.96741712e+00 ...  0.00000000e+00
   0.00000000e+00  0.00000000e+00]
 [-1.55479989e+00  5.27000000e+02 -5.96741712e+00 ...  0.00000000e+00
   0.00000000e+00  0.00000000e+00]
 ...
 [ 2.80424262e-01  9.55000000e+02 -9.77498843e-01 ...  1.00000000e+00
   0.00000000e+00  0.00000000e+00]
 [-1.78784422e+00  5.19000000e+02  5.04618534e-01 ...  0.00000000e+00
   0.00000000e+00  0.00000000e+00]
 [-2.73056036e-01  5.71000000e+02  5.77132341e-01 ...  0.00000000e+00
   0.00000000e+00  0.00000000e+00]]"
.kernel.kernels[3].kernels[0].variance,0.7855619409272323,,,,,,,,,rbf_matern32_sin_lin_sin,lfbgs,0,0,"Day,Overall_Day,Latitude,Longitude,embay_dist,minute_of_day",ES,SVGP,False,4.6.2,4.6.2 has build_functions_v2 implemented.,1000,25,"[[-1.67132205e+00  1.58000000e+02 -5.96741712e+00 ...  0.00000000e+00
   0.00000000e+00  0.00000000e+00]
 [ 6.88251851e-01  2.39000000e+02 -5.96741712e+00 ...  0.00000000e+00
   0.00000000e+00  0.00000000e+00]
 [-1.55479989e+00  5.27000000e+02 -5.96741712e+00 ...  0.00000000e+00
   0.00000000e+00  0.00000000e+00]
 ...
 [ 2.80424262e-01  9.55000000e+02 -9.77498843e-01 ...  1.00000000e+00
   0.00000000e+00  0.00000000e+00]
 [-1.78784422e+00  5.19000000e+02  5.04618534e-01 ...  0.00000000e+00
   0.00000000e+00  0.00000000e+00]
 [-2.73056036e-01  5.71000000e+02  5.77132341e-01 ...  0.00000000e+00
   0.00000000e+00  0.00000000e+00]]"
.kernel.kernels[3].kernels[1].variance,1.0,,,,,,,,,rbf_matern32_sin_lin_sin,lfbgs,0,0,"Day,Overall_Day,Latitude,Longitude,embay_dist,minute_of_day",ES,SVGP,False,4.6.2,4.6.2 has build_functions_v2 implemented.,1000,25,"[[-1.67132205e+00  1.58000000e+02 -5.96741712e+00 ...  0.00000000e+00
   0.00000000e+00  0.00000000e+00]
 [ 6.88251851e-01  2.39000000e+02 -5.96741712e+00 ...  0.00000000e+00
   0.00000000e+00  0.00000000e+00]
 [-1.55479989e+00  5.27000000e+02 -5.96741712e+00 ...  0.00000000e+00
   0.00000000e+00  0.00000000e+00]
 ...
 [ 2.80424262e-01  9.55000000e+02 -9.77498843e-01 ...  1.00000000e+00
   0.00000000e+00  0.00000000e+00]
 [-1.78784422e+00  5.19000000e+02  5.04618534e-01 ...  0.00000000e+00
   0.00000000e+00  0.00000000e+00]
 [-2.73056036e-01  5.71000000e+02  5.77132341e-01 ...  0.00000000e+00
   0.00000000e+00  0.00000000e+00]]"
.kernel.kernels[3].kernels[1].lengthscales,365.0,,,,,,,,,rbf_matern32_sin_lin_sin,lfbgs,0,0,"Day,Overall_Day,Latitude,Longitude,embay_dist,minute_of_day",ES,SVGP,False,4.6.2,4.6.2 has build_functions_v2 implemented.,1000,25,"[[-1.67132205e+00  1.58000000e+02 -5.96741712e+00 ...  0.00000000e+00
   0.00000000e+00  0.00000000e+00]
 [ 6.88251851e-01  2.39000000e+02 -5.96741712e+00 ...  0.00000000e+00
   0.00000000e+00  0.00000000e+00]
 [-1.55479989e+00  5.27000000e+02 -5.96741712e+00 ...  0.00000000e+00
   0.00000000e+00  0.00000000e+00]
 ...
 [ 2.80424262e-01  9.55000000e+02 -9.77498843e-01 ...  1.00000000e+00
   0.00000000e+00  0.00000000e+00]
 [-1.78784422e+00  5.19000000e+02  5.04618534e-01 ...  0.00000000e+00
   0.00000000e+00  0.00000000e+00]
 [-2.73056036e-01  5.71000000e+02  5.77132341e-01 ...  0.00000000e+00
   0.00000000e+00  0.00000000e+00]]"
.kernel.kernels[4].kernels[0].variance,0.782507676503219,,,,,,,,,rbf_matern32_sin_lin_sin,lfbgs,0,0,"Day,Overall_Day,Latitude,Longitude,embay_dist,minute_of_day",ES,SVGP,False,4.6.2,4.6.2 has build_functions_v2 implemented.,1000,25,"[[-1.67132205e+00  1.58000000e+02 -5.96741712e+00 ...  0.00000000e+00
   0.00000000e+00  0.00000000e+00]
 [ 6.88251851e-01  2.39000000e+02 -5.96741712e+00 ...  0.00000000e+00
   0.00000000e+00  0.00000000e+00]
 [-1.55479989e+00  5.27000000e+02 -5.96741712e+00 ...  0.00000000e+00
   0.00000000e+00  0.00000000e+00]
 ...
 [ 2.80424262e-01  9.55000000e+02 -9.77498843e-01 ...  1.00000000e+00
   0.00000000e+00  0.00000000e+00]
 [-1.78784422e+00  5.19000000e+02  5.04618534e-01 ...  0.00000000e+00
   0.00000000e+00  0.00000000e+00]
 [-2.73056036e-01  5.71000000e+02  5.77132341e-01 ...  0.00000000e+00
   0.00000000e+00  0.00000000e+00]]"
.kernel.kernels[4].kernels[1].variance,1.0,,,,,,,,,rbf_matern32_sin_lin_sin,lfbgs,0,0,"Day,Overall_Day,Latitude,Longitude,embay_dist,minute_of_day",ES,SVGP,False,4.6.2,4.6.2 has build_functions_v2 implemented.,1000,25,"[[-1.67132205e+00  1.58000000e+02 -5.96741712e+00 ...  0.00000000e+00
   0.00000000e+00  0.00000000e+00]
 [ 6.88251851e-01  2.39000000e+02 -5.96741712e+00 ...  0.00000000e+00
   0.00000000e+00  0.00000000e+00]
 [-1.55479989e+00  5.27000000e+02 -5.96741712e+00 ...  0.00000000e+00
   0.00000000e+00  0.00000000e+00]
 ...
 [ 2.80424262e-01  9.55000000e+02 -9.77498843e-01 ...  1.00000000e+00
   0.00000000e+00  0.00000000e+00]
 [-1.78784422e+00  5.19000000e+02  5.04618534e-01 ...  0.00000000e+00
   0.00000000e+00  0.00000000e+00]
 [-2.73056036e-01  5.71000000e+02  5.77132341e-01 ...  0.00000000e+00
   0.00000000e+00  0.00000000e+00]]"
.kernel.kernels[4].kernels[1].lengthscales,365.0,,,,,,,,,rbf_matern32_sin_lin_sin,lfbgs,0,0,"Day,Overall_Day,Latitude,Longitude,embay_dist,minute_of_day",ES,SVGP,False,4.6.2,4.6.2 has build_functions_v2 implemented.,1000,25,"[[-1.67132205e+00  1.58000000e+02 -5.96741712e+00 ...  0.00000000e+00
   0.00000000e+00  0.00000000e+00]
 [ 6.88251851e-01  2.39000000e+02 -5.96741712e+00 ...  0.00000000e+00
   0.00000000e+00  0.00000000e+00]
 [-1.55479989e+00  5.27000000e+02 -5.96741712e+00 ...  0.00000000e+00
   0.00000000e+00  0.00000000e+00]
 ...
 [ 2.80424262e-01  9.55000000e+02 -9.77498843e-01 ...  1.00000000e+00
   0.00000000e+00  0.00000000e+00]
 [-1.78784422e+00  5.19000000e+02  5.04618534e-01 ...  0.00000000e+00
   0.00000000e+00  0.00000000e+00]
 [-2.73056036e-01  5.71000000e+02  5.77132341e-01 ...  0.00000000e+00
   0.00000000e+00  0.00000000e+00]]"
.kernel.kernels[5].kernels[0].variance,0.705560692613261,,,,,,,,,rbf_matern32_sin_lin_sin,lfbgs,0,0,"Day,Overall_Day,Latitude,Longitude,embay_dist,minute_of_day",ES,SVGP,False,4.6.2,4.6.2 has build_functions_v2 implemented.,1000,25,"[[-1.67132205e+00  1.58000000e+02 -5.96741712e+00 ...  0.00000000e+00
   0.00000000e+00  0.00000000e+00]
 [ 6.88251851e-01  2.39000000e+02 -5.96741712e+00 ...  0.00000000e+00
   0.00000000e+00  0.00000000e+00]
 [-1.55479989e+00  5.27000000e+02 -5.96741712e+00 ...  0.00000000e+00
   0.00000000e+00  0.00000000e+00]
 ...
 [ 2.80424262e-01  9.55000000e+02 -9.77498843e-01 ...  1.00000000e+00
   0.00000000e+00  0.00000000e+00]
 [-1.78784422e+00  5.19000000e+02  5.04618534e-01 ...  0.00000000e+00
   0.00000000e+00  0.00000000e+00]
 [-2.73056036e-01  5.71000000e+02  5.77132341e-01 ...  0.00000000e+00
   0.00000000e+00  0.00000000e+00]]"
.kernel.kernels[5].kernels[1].variance,1.0,,,,,,,,,rbf_matern32_sin_lin_sin,lfbgs,0,0,"Day,Overall_Day,Latitude,Longitude,embay_dist,minute_of_day",ES,SVGP,False,4.6.2,4.6.2 has build_functions_v2 implemented.,1000,25,"[[-1.67132205e+00  1.58000000e+02 -5.96741712e+00 ...  0.00000000e+00
   0.00000000e+00  0.00000000e+00]
 [ 6.88251851e-01  2.39000000e+02 -5.96741712e+00 ...  0.00000000e+00
   0.00000000e+00  0.00000000e+00]
 [-1.55479989e+00  5.27000000e+02 -5.96741712e+00 ...  0.00000000e+00
   0.00000000e+00  0.00000000e+00]
 ...
 [ 2.80424262e-01  9.55000000e+02 -9.77498843e-01 ...  1.00000000e+00
   0.00000000e+00  0.00000000e+00]
 [-1.78784422e+00  5.19000000e+02  5.04618534e-01 ...  0.00000000e+00
   0.00000000e+00  0.00000000e+00]
 [-2.73056036e-01  5.71000000e+02  5.77132341e-01 ...  0.00000000e+00
   0.00000000e+00  0.00000000e+00]]"
.kernel.kernels[5].kernels[1].lengthscales,365.0,,,,,,,,,rbf_matern32_sin_lin_sin,lfbgs,0,0,"Day,Overall_Day,Latitude,Longitude,embay_dist,minute_of_day",ES,SVGP,False,4.6.2,4.6.2 has build_functions_v2 implemented.,1000,25,"[[-1.67132205e+00  1.58000000e+02 -5.96741712e+00 ...  0.00000000e+00
   0.00000000e+00  0.00000000e+00]
 [ 6.88251851e-01  2.39000000e+02 -5.96741712e+00 ...  0.00000000e+00
   0.00000000e+00  0.00000000e+00]
 [-1.55479989e+00  5.27000000e+02 -5.96741712e+00 ...  0.00000000e+00
   0.00000000e+00  0.00000000e+00]
 ...
 [ 2.80424262e-01  9.55000000e+02 -9.77498843e-01 ...  1.00000000e+00
   0.00000000e+00  0.00000000e+00]
 [-1.78784422e+00  5.19000000e+02  5.04618534e-01 ...  0.00000000e+00
   0.00000000e+00  0.00000000e+00]
 [-2.73056036e-01  5.71000000e+02  5.77132341e-01 ...  0.00000000e+00
   0.00000000e+00  0.00000000e+00]]"
.kernel.kernels[6].kernels[0].variance,0.6430967377342632,,,,,,,,,rbf_matern32_sin_lin_sin,lfbgs,0,0,"Day,Overall_Day,Latitude,Longitude,embay_dist,minute_of_day",ES,SVGP,False,4.6.2,4.6.2 has build_functions_v2 implemented.,1000,25,"[[-1.67132205e+00  1.58000000e+02 -5.96741712e+00 ...  0.00000000e+00
   0.00000000e+00  0.00000000e+00]
 [ 6.88251851e-01  2.39000000e+02 -5.96741712e+00 ...  0.00000000e+00
   0.00000000e+00  0.00000000e+00]
 [-1.55479989e+00  5.27000000e+02 -5.96741712e+00 ...  0.00000000e+00
   0.00000000e+00  0.00000000e+00]
 ...
 [ 2.80424262e-01  9.55000000e+02 -9.77498843e-01 ...  1.00000000e+00
   0.00000000e+00  0.00000000e+00]
 [-1.78784422e+00  5.19000000e+02  5.04618534e-01 ...  0.00000000e+00
   0.00000000e+00  0.00000000e+00]
 [-2.73056036e-01  5.71000000e+02  5.77132341e-01 ...  0.00000000e+00
   0.00000000e+00  0.00000000e+00]]"
.kernel.kernels[6].kernels[1].variance,1.0,,,,,,,,,rbf_matern32_sin_lin_sin,lfbgs,0,0,"Day,Overall_Day,Latitude,Longitude,embay_dist,minute_of_day",ES,SVGP,False,4.6.2,4.6.2 has build_functions_v2 implemented.,1000,25,"[[-1.67132205e+00  1.58000000e+02 -5.96741712e+00 ...  0.00000000e+00
   0.00000000e+00  0.00000000e+00]
 [ 6.88251851e-01  2.39000000e+02 -5.96741712e+00 ...  0.00000000e+00
   0.00000000e+00  0.00000000e+00]
 [-1.55479989e+00  5.27000000e+02 -5.96741712e+00 ...  0.00000000e+00
   0.00000000e+00  0.00000000e+00]
 ...
 [ 2.80424262e-01  9.55000000e+02 -9.77498843e-01 ...  1.00000000e+00
   0.00000000e+00  0.00000000e+00]
 [-1.78784422e+00  5.19000000e+02  5.04618534e-01 ...  0.00000000e+00
   0.00000000e+00  0.00000000e+00]
 [-2.73056036e-01  5.71000000e+02  5.77132341e-01 ...  0.00000000e+00
   0.00000000e+00  0.00000000e+00]]"
.kernel.kernels[6].kernels[1].lengthscales,365.0,,,,,,,,,rbf_matern32_sin_lin_sin,lfbgs,0,0,"Day,Overall_Day,Latitude,Longitude,embay_dist,minute_of_day",ES,SVGP,False,4.6.2,4.6.2 has build_functions_v2 implemented.,1000,25,"[[-1.67132205e+00  1.58000000e+02 -5.96741712e+00 ...  0.00000000e+00
   0.00000000e+00  0.00000000e+00]
 [ 6.88251851e-01  2.39000000e+02 -5.96741712e+00 ...  0.00000000e+00
   0.00000000e+00  0.00000000e+00]
 [-1.55479989e+00  5.27000000e+02 -5.96741712e+00 ...  0.00000000e+00
   0.00000000e+00  0.00000000e+00]
 ...
 [ 2.80424262e-01  9.55000000e+02 -9.77498843e-01 ...  1.00000000e+00
   0.00000000e+00  0.00000000e+00]
 [-1.78784422e+00  5.19000000e+02  5.04618534e-01 ...  0.00000000e+00
   0.00000000e+00  0.00000000e+00]
 [-2.73056036e-01  5.71000000e+02  5.77132341e-01 ...  0.00000000e+00
   0.00000000e+00  0.00000000e+00]]"
.kernel.kernels[7].variance,0.8546159679261482,,,,,,,,,rbf_matern32_sin_lin_sin,lfbgs,0,0,"Day,Overall_Day,Latitude,Longitude,embay_dist,minute_of_day",ES,SVGP,False,4.6.2,4.6.2 has build_functions_v2 implemented.,1000,25,"[[-1.67132205e+00  1.58000000e+02 -5.96741712e+00 ...  0.00000000e+00
   0.00000000e+00  0.00000000e+00]
 [ 6.88251851e-01  2.39000000e+02 -5.96741712e+00 ...  0.00000000e+00
   0.00000000e+00  0.00000000e+00]
 [-1.55479989e+00  5.27000000e+02 -5.96741712e+00 ...  0.00000000e+00
   0.00000000e+00  0.00000000e+00]
 ...
 [ 2.80424262e-01  9.55000000e+02 -9.77498843e-01 ...  1.00000000e+00
   0.00000000e+00  0.00000000e+00]
 [-1.78784422e+00  5.19000000e+02  5.04618534e-01 ...  0.00000000e+00
   0.00000000e+00  0.00000000e+00]
 [-2.73056036e-01  5.71000000e+02  5.77132341e-01 ...  0.00000000e+00
   0.00000000e+00  0.00000000e+00]]"
.kernel.kernels[7].lengthscales,1440.0,,,,,,,,,rbf_matern32_sin_lin_sin,lfbgs,0,0,"Day,Overall_Day,Latitude,Longitude,embay_dist,minute_of_day",ES,SVGP,False,4.6.2,4.6.2 has build_functions_v2 implemented.,1000,25,"[[-1.67132205e+00  1.58000000e+02 -5.96741712e+00 ...  0.00000000e+00
   0.00000000e+00  0.00000000e+00]
 [ 6.88251851e-01  2.39000000e+02 -5.96741712e+00 ...  0.00000000e+00
   0.00000000e+00  0.00000000e+00]
 [-1.55479989e+00  5.27000000e+02 -5.96741712e+00 ...  0.00000000e+00
   0.00000000e+00  0.00000000e+00]
 ...
 [ 2.80424262e-01  9.55000000e+02 -9.77498843e-01 ...  1.00000000e+00
   0.00000000e+00  0.00000000e+00]
 [-1.78784422e+00  5.19000000e+02  5.04618534e-01 ...  0.00000000e+00
   0.00000000e+00  0.00000000e+00]
 [-2.73056036e-01  5.71000000e+02  5.77132341e-01 ...  0.00000000e+00
   0.00000000e+00  0.00000000e+00]]"
.kernel.kernels[0].variance,0.7547523951934779,,,,,,,,,rbf_matern32_sin_lin_sin,lfbgs,1,0,"Day,Overall_Day,Latitude,Longitude,embay_dist,minute_of_day",ES,SVGP,False,4.6.2,4.6.2 has build_functions_v2 implemented.,1000,25,"[[-1.27936571e-01  2.11000000e+02 -6.62257944e+00 ...  0.00000000e+00
   0.00000000e+00  0.00000000e+00]
 [-7.40140325e-01  5.55000000e+02 -6.62257944e+00 ...  0.00000000e+00
   0.00000000e+00  0.00000000e+00]
 [-1.67302224e+00  1.58000000e+02 -6.62257944e+00 ...  0.00000000e+00
   0.00000000e+00  0.00000000e+00]
 ...
 [-1.76047991e+00  8.85000000e+02 -3.10505047e-01 ...  1.00000000e+00
   0.00000000e+00  0.00000000e+00]
 [ 1.21308118e+00  9.87000000e+02  5.33182056e-01 ...  1.00000000e+00
   0.00000000e+00  0.00000000e+00]
 [ 7.46640221e-01  1.33600000e+03  4.87052402e-01 ...  0.00000000e+00
   1.00000000e+00  0.00000000e+00]]"
.kernel.kernels[0].lengthscales,1.0603704997460017,1.2327051092737362,1.7875121864718886,1.8483821965335792,1.8038238756134681,2.050503837954176,1.4000213957144976,1.66899954475168,1.5158085478966983,rbf_matern32_sin_lin_sin,lfbgs,1,0,"Day,Overall_Day,Latitude,Longitude,embay_dist,minute_of_day",ES,SVGP,False,4.6.2,4.6.2 has build_functions_v2 implemented.,1000,25,"[[-1.27936571e-01  2.11000000e+02 -6.62257944e+00 ...  0.00000000e+00
   0.00000000e+00  0.00000000e+00]
 [-7.40140325e-01  5.55000000e+02 -6.62257944e+00 ...  0.00000000e+00
   0.00000000e+00  0.00000000e+00]
 [-1.67302224e+00  1.58000000e+02 -6.62257944e+00 ...  0.00000000e+00
   0.00000000e+00  0.00000000e+00]
 ...
 [-1.76047991e+00  8.85000000e+02 -3.10505047e-01 ...  1.00000000e+00
   0.00000000e+00  0.00000000e+00]
 [ 1.21308118e+00  9.87000000e+02  5.33182056e-01 ...  1.00000000e+00
   0.00000000e+00  0.00000000e+00]
 [ 7.46640221e-01  1.33600000e+03  4.87052402e-01 ...  0.00000000e+00
   1.00000000e+00  0.00000000e+00]]"
.kernel.kernels[1].variance,0.4908579015862583,,,,,,,,,rbf_matern32_sin_lin_sin,lfbgs,1,0,"Day,Overall_Day,Latitude,Longitude,embay_dist,minute_of_day",ES,SVGP,False,4.6.2,4.6.2 has build_functions_v2 implemented.,1000,25,"[[-1.27936571e-01  2.11000000e+02 -6.62257944e+00 ...  0.00000000e+00
   0.00000000e+00  0.00000000e+00]
 [-7.40140325e-01  5.55000000e+02 -6.62257944e+00 ...  0.00000000e+00
   0.00000000e+00  0.00000000e+00]
 [-1.67302224e+00  1.58000000e+02 -6.62257944e+00 ...  0.00000000e+00
   0.00000000e+00  0.00000000e+00]
 ...
 [-1.76047991e+00  8.85000000e+02 -3.10505047e-01 ...  1.00000000e+00
   0.00000000e+00  0.00000000e+00]
 [ 1.21308118e+00  9.87000000e+02  5.33182056e-01 ...  1.00000000e+00
   0.00000000e+00  0.00000000e+00]
 [ 7.46640221e-01  1.33600000e+03  4.87052402e-01 ...  0.00000000e+00
   1.00000000e+00  0.00000000e+00]]"
.kernel.kernels[1].lengthscales,1.703014675196286,1.7384628306132117,1.789909251564929,2.007341417073321,1.9675699499198107,2.1718289158062998,1.6092850479356207,1.7161092021630036,1.6539784816837835,rbf_matern32_sin_lin_sin,lfbgs,1,0,"Day,Overall_Day,Latitude,Longitude,embay_dist,minute_of_day",ES,SVGP,False,4.6.2,4.6.2 has build_functions_v2 implemented.,1000,25,"[[-1.27936571e-01  2.11000000e+02 -6.62257944e+00 ...  0.00000000e+00
   0.00000000e+00  0.00000000e+00]
 [-7.40140325e-01  5.55000000e+02 -6.62257944e+00 ...  0.00000000e+00
   0.00000000e+00  0.00000000e+00]
 [-1.67302224e+00  1.58000000e+02 -6.62257944e+00 ...  0.00000000e+00
   0.00000000e+00  0.00000000e+00]
 ...
 [-1.76047991e+00  8.85000000e+02 -3.10505047e-01 ...  1.00000000e+00
   0.00000000e+00  0.00000000e+00]
 [ 1.21308118e+00  9.87000000e+02  5.33182056e-01 ...  1.00000000e+00
   0.00000000e+00  0.00000000e+00]
 [ 7.46640221e-01  1.33600000e+03  4.87052402e-01 ...  0.00000000e+00
   1.00000000e+00  0.00000000e+00]]"
.kernel.kernels[2].kernels[0].variance,0.7397865421492079,,,,,,,,,rbf_matern32_sin_lin_sin,lfbgs,1,0,"Day,Overall_Day,Latitude,Longitude,embay_dist,minute_of_day",ES,SVGP,False,4.6.2,4.6.2 has build_functions_v2 implemented.,1000,25,"[[-1.27936571e-01  2.11000000e+02 -6.62257944e+00 ...  0.00000000e+00
   0.00000000e+00  0.00000000e+00]
 [-7.40140325e-01  5.55000000e+02 -6.62257944e+00 ...  0.00000000e+00
   0.00000000e+00  0.00000000e+00]
 [-1.67302224e+00  1.58000000e+02 -6.62257944e+00 ...  0.00000000e+00
   0.00000000e+00  0.00000000e+00]
 ...
 [-1.76047991e+00  8.85000000e+02 -3.10505047e-01 ...  1.00000000e+00
   0.00000000e+00  0.00000000e+00]
 [ 1.21308118e+00  9.87000000e+02  5.33182056e-01 ...  1.00000000e+00
   0.00000000e+00  0.00000000e+00]
 [ 7.46640221e-01  1.33600000e+03  4.87052402e-01 ...  0.00000000e+00
   1.00000000e+00  0.00000000e+00]]"
.kernel.kernels[2].kernels[1].variance,1.0,,,,,,,,,rbf_matern32_sin_lin_sin,lfbgs,1,0,"Day,Overall_Day,Latitude,Longitude,embay_dist,minute_of_day",ES,SVGP,False,4.6.2,4.6.2 has build_functions_v2 implemented.,1000,25,"[[-1.27936571e-01  2.11000000e+02 -6.62257944e+00 ...  0.00000000e+00
   0.00000000e+00  0.00000000e+00]
 [-7.40140325e-01  5.55000000e+02 -6.62257944e+00 ...  0.00000000e+00
   0.00000000e+00  0.00000000e+00]
 [-1.67302224e+00  1.58000000e+02 -6.62257944e+00 ...  0.00000000e+00
   0.00000000e+00  0.00000000e+00]
 ...
 [-1.76047991e+00  8.85000000e+02 -3.10505047e-01 ...  1.00000000e+00
   0.00000000e+00  0.00000000e+00]
 [ 1.21308118e+00  9.87000000e+02  5.33182056e-01 ...  1.00000000e+00
   0.00000000e+00  0.00000000e+00]
 [ 7.46640221e-01  1.33600000e+03  4.87052402e-01 ...  0.00000000e+00
   1.00000000e+00  0.00000000e+00]]"
.kernel.kernels[2].kernels[1].lengthscales,365.0,,,,,,,,,rbf_matern32_sin_lin_sin,lfbgs,1,0,"Day,Overall_Day,Latitude,Longitude,embay_dist,minute_of_day",ES,SVGP,False,4.6.2,4.6.2 has build_functions_v2 implemented.,1000,25,"[[-1.27936571e-01  2.11000000e+02 -6.62257944e+00 ...  0.00000000e+00
   0.00000000e+00  0.00000000e+00]
 [-7.40140325e-01  5.55000000e+02 -6.62257944e+00 ...  0.00000000e+00
   0.00000000e+00  0.00000000e+00]
 [-1.67302224e+00  1.58000000e+02 -6.62257944e+00 ...  0.00000000e+00
   0.00000000e+00  0.00000000e+00]
 ...
 [-1.76047991e+00  8.85000000e+02 -3.10505047e-01 ...  1.00000000e+00
   0.00000000e+00  0.00000000e+00]
 [ 1.21308118e+00  9.87000000e+02  5.33182056e-01 ...  1.00000000e+00
   0.00000000e+00  0.00000000e+00]
 [ 7.46640221e-01  1.33600000e+03  4.87052402e-01 ...  0.00000000e+00
   1.00000000e+00  0.00000000e+00]]"
.kernel.kernels[3].kernels[0].variance,0.7858410397189761,,,,,,,,,rbf_matern32_sin_lin_sin,lfbgs,1,0,"Day,Overall_Day,Latitude,Longitude,embay_dist,minute_of_day",ES,SVGP,False,4.6.2,4.6.2 has build_functions_v2 implemented.,1000,25,"[[-1.27936571e-01  2.11000000e+02 -6.62257944e+00 ...  0.00000000e+00
   0.00000000e+00  0.00000000e+00]
 [-7.40140325e-01  5.55000000e+02 -6.62257944e+00 ...  0.00000000e+00
   0.00000000e+00  0.00000000e+00]
 [-1.67302224e+00  1.58000000e+02 -6.62257944e+00 ...  0.00000000e+00
   0.00000000e+00  0.00000000e+00]
 ...
 [-1.76047991e+00  8.85000000e+02 -3.10505047e-01 ...  1.00000000e+00
   0.00000000e+00  0.00000000e+00]
 [ 1.21308118e+00  9.87000000e+02  5.33182056e-01 ...  1.00000000e+00
   0.00000000e+00  0.00000000e+00]
 [ 7.46640221e-01  1.33600000e+03  4.87052402e-01 ...  0.00000000e+00
   1.00000000e+00  0.00000000e+00]]"
.kernel.kernels[3].kernels[1].variance,1.0,,,,,,,,,rbf_matern32_sin_lin_sin,lfbgs,1,0,"Day,Overall_Day,Latitude,Longitude,embay_dist,minute_of_day",ES,SVGP,False,4.6.2,4.6.2 has build_functions_v2 implemented.,1000,25,"[[-1.27936571e-01  2.11000000e+02 -6.62257944e+00 ...  0.00000000e+00
   0.00000000e+00  0.00000000e+00]
 [-7.40140325e-01  5.55000000e+02 -6.62257944e+00 ...  0.00000000e+00
   0.00000000e+00  0.00000000e+00]
 [-1.67302224e+00  1.58000000e+02 -6.62257944e+00 ...  0.00000000e+00
   0.00000000e+00  0.00000000e+00]
 ...
 [-1.76047991e+00  8.85000000e+02 -3.10505047e-01 ...  1.00000000e+00
   0.00000000e+00  0.00000000e+00]
 [ 1.21308118e+00  9.87000000e+02  5.33182056e-01 ...  1.00000000e+00
   0.00000000e+00  0.00000000e+00]
 [ 7.46640221e-01  1.33600000e+03  4.87052402e-01 ...  0.00000000e+00
   1.00000000e+00  0.00000000e+00]]"
.kernel.kernels[3].kernels[1].lengthscales,365.0,,,,,,,,,rbf_matern32_sin_lin_sin,lfbgs,1,0,"Day,Overall_Day,Latitude,Longitude,embay_dist,minute_of_day",ES,SVGP,False,4.6.2,4.6.2 has build_functions_v2 implemented.,1000,25,"[[-1.27936571e-01  2.11000000e+02 -6.62257944e+00 ...  0.00000000e+00
   0.00000000e+00  0.00000000e+00]
 [-7.40140325e-01  5.55000000e+02 -6.62257944e+00 ...  0.00000000e+00
   0.00000000e+00  0.00000000e+00]
 [-1.67302224e+00  1.58000000e+02 -6.62257944e+00 ...  0.00000000e+00
   0.00000000e+00  0.00000000e+00]
 ...
 [-1.76047991e+00  8.85000000e+02 -3.10505047e-01 ...  1.00000000e+00
   0.00000000e+00  0.00000000e+00]
 [ 1.21308118e+00  9.87000000e+02  5.33182056e-01 ...  1.00000000e+00
   0.00000000e+00  0.00000000e+00]
 [ 7.46640221e-01  1.33600000e+03  4.87052402e-01 ...  0.00000000e+00
   1.00000000e+00  0.00000000e+00]]"
.kernel.kernels[4].kernels[0].variance,0.9022651490676327,,,,,,,,,rbf_matern32_sin_lin_sin,lfbgs,1,0,"Day,Overall_Day,Latitude,Longitude,embay_dist,minute_of_day",ES,SVGP,False,4.6.2,4.6.2 has build_functions_v2 implemented.,1000,25,"[[-1.27936571e-01  2.11000000e+02 -6.62257944e+00 ...  0.00000000e+00
   0.00000000e+00  0.00000000e+00]
 [-7.40140325e-01  5.55000000e+02 -6.62257944e+00 ...  0.00000000e+00
   0.00000000e+00  0.00000000e+00]
 [-1.67302224e+00  1.58000000e+02 -6.62257944e+00 ...  0.00000000e+00
   0.00000000e+00  0.00000000e+00]
 ...
 [-1.76047991e+00  8.85000000e+02 -3.10505047e-01 ...  1.00000000e+00
   0.00000000e+00  0.00000000e+00]
 [ 1.21308118e+00  9.87000000e+02  5.33182056e-01 ...  1.00000000e+00
   0.00000000e+00  0.00000000e+00]
 [ 7.46640221e-01  1.33600000e+03  4.87052402e-01 ...  0.00000000e+00
   1.00000000e+00  0.00000000e+00]]"
.kernel.kernels[4].kernels[1].variance,1.0,,,,,,,,,rbf_matern32_sin_lin_sin,lfbgs,1,0,"Day,Overall_Day,Latitude,Longitude,embay_dist,minute_of_day",ES,SVGP,False,4.6.2,4.6.2 has build_functions_v2 implemented.,1000,25,"[[-1.27936571e-01  2.11000000e+02 -6.62257944e+00 ...  0.00000000e+00
   0.00000000e+00  0.00000000e+00]
 [-7.40140325e-01  5.55000000e+02 -6.62257944e+00 ...  0.00000000e+00
   0.00000000e+00  0.00000000e+00]
 [-1.67302224e+00  1.58000000e+02 -6.62257944e+00 ...  0.00000000e+00
   0.00000000e+00  0.00000000e+00]
 ...
 [-1.76047991e+00  8.85000000e+02 -3.10505047e-01 ...  1.00000000e+00
   0.00000000e+00  0.00000000e+00]
 [ 1.21308118e+00  9.87000000e+02  5.33182056e-01 ...  1.00000000e+00
   0.00000000e+00  0.00000000e+00]
 [ 7.46640221e-01  1.33600000e+03  4.87052402e-01 ...  0.00000000e+00
   1.00000000e+00  0.00000000e+00]]"
.kernel.kernels[4].kernels[1].lengthscales,365.0,,,,,,,,,rbf_matern32_sin_lin_sin,lfbgs,1,0,"Day,Overall_Day,Latitude,Longitude,embay_dist,minute_of_day",ES,SVGP,False,4.6.2,4.6.2 has build_functions_v2 implemented.,1000,25,"[[-1.27936571e-01  2.11000000e+02 -6.62257944e+00 ...  0.00000000e+00
   0.00000000e+00  0.00000000e+00]
 [-7.40140325e-01  5.55000000e+02 -6.62257944e+00 ...  0.00000000e+00
   0.00000000e+00  0.00000000e+00]
 [-1.67302224e+00  1.58000000e+02 -6.62257944e+00 ...  0.00000000e+00
   0.00000000e+00  0.00000000e+00]
 ...
 [-1.76047991e+00  8.85000000e+02 -3.10505047e-01 ...  1.00000000e+00
   0.00000000e+00  0.00000000e+00]
 [ 1.21308118e+00  9.87000000e+02  5.33182056e-01 ...  1.00000000e+00
   0.00000000e+00  0.00000000e+00]
 [ 7.46640221e-01  1.33600000e+03  4.87052402e-01 ...  0.00000000e+00
   1.00000000e+00  0.00000000e+00]]"
.kernel.kernels[5].kernels[0].variance,0.7484935729234516,,,,,,,,,rbf_matern32_sin_lin_sin,lfbgs,1,0,"Day,Overall_Day,Latitude,Longitude,embay_dist,minute_of_day",ES,SVGP,False,4.6.2,4.6.2 has build_functions_v2 implemented.,1000,25,"[[-1.27936571e-01  2.11000000e+02 -6.62257944e+00 ...  0.00000000e+00
   0.00000000e+00  0.00000000e+00]
 [-7.40140325e-01  5.55000000e+02 -6.62257944e+00 ...  0.00000000e+00
   0.00000000e+00  0.00000000e+00]
 [-1.67302224e+00  1.58000000e+02 -6.62257944e+00 ...  0.00000000e+00
   0.00000000e+00  0.00000000e+00]
 ...
 [-1.76047991e+00  8.85000000e+02 -3.10505047e-01 ...  1.00000000e+00
   0.00000000e+00  0.00000000e+00]
 [ 1.21308118e+00  9.87000000e+02  5.33182056e-01 ...  1.00000000e+00
   0.00000000e+00  0.00000000e+00]
 [ 7.46640221e-01  1.33600000e+03  4.87052402e-01 ...  0.00000000e+00
   1.00000000e+00  0.00000000e+00]]"
.kernel.kernels[5].kernels[1].variance,1.0,,,,,,,,,rbf_matern32_sin_lin_sin,lfbgs,1,0,"Day,Overall_Day,Latitude,Longitude,embay_dist,minute_of_day",ES,SVGP,False,4.6.2,4.6.2 has build_functions_v2 implemented.,1000,25,"[[-1.27936571e-01  2.11000000e+02 -6.62257944e+00 ...  0.00000000e+00
   0.00000000e+00  0.00000000e+00]
 [-7.40140325e-01  5.55000000e+02 -6.62257944e+00 ...  0.00000000e+00
   0.00000000e+00  0.00000000e+00]
 [-1.67302224e+00  1.58000000e+02 -6.62257944e+00 ...  0.00000000e+00
   0.00000000e+00  0.00000000e+00]
 ...
 [-1.76047991e+00  8.85000000e+02 -3.10505047e-01 ...  1.00000000e+00
   0.00000000e+00  0.00000000e+00]
 [ 1.21308118e+00  9.87000000e+02  5.33182056e-01 ...  1.00000000e+00
   0.00000000e+00  0.00000000e+00]
 [ 7.46640221e-01  1.33600000e+03  4.87052402e-01 ...  0.00000000e+00
   1.00000000e+00  0.00000000e+00]]"
.kernel.kernels[5].kernels[1].lengthscales,365.0,,,,,,,,,rbf_matern32_sin_lin_sin,lfbgs,1,0,"Day,Overall_Day,Latitude,Longitude,embay_dist,minute_of_day",ES,SVGP,False,4.6.2,4.6.2 has build_functions_v2 implemented.,1000,25,"[[-1.27936571e-01  2.11000000e+02 -6.62257944e+00 ...  0.00000000e+00
   0.00000000e+00  0.00000000e+00]
 [-7.40140325e-01  5.55000000e+02 -6.62257944e+00 ...  0.00000000e+00
   0.00000000e+00  0.00000000e+00]
 [-1.67302224e+00  1.58000000e+02 -6.62257944e+00 ...  0.00000000e+00
   0.00000000e+00  0.00000000e+00]
 ...
 [-1.76047991e+00  8.85000000e+02 -3.10505047e-01 ...  1.00000000e+00
   0.00000000e+00  0.00000000e+00]
 [ 1.21308118e+00  9.87000000e+02  5.33182056e-01 ...  1.00000000e+00
   0.00000000e+00  0.00000000e+00]
 [ 7.46640221e-01  1.33600000e+03  4.87052402e-01 ...  0.00000000e+00
   1.00000000e+00  0.00000000e+00]]"
.kernel.kernels[6].kernels[0].variance,0.6668958624400335,,,,,,,,,rbf_matern32_sin_lin_sin,lfbgs,1,0,"Day,Overall_Day,Latitude,Longitude,embay_dist,minute_of_day",ES,SVGP,False,4.6.2,4.6.2 has build_functions_v2 implemented.,1000,25,"[[-1.27936571e-01  2.11000000e+02 -6.62257944e+00 ...  0.00000000e+00
   0.00000000e+00  0.00000000e+00]
 [-7.40140325e-01  5.55000000e+02 -6.62257944e+00 ...  0.00000000e+00
   0.00000000e+00  0.00000000e+00]
 [-1.67302224e+00  1.58000000e+02 -6.62257944e+00 ...  0.00000000e+00
   0.00000000e+00  0.00000000e+00]
 ...
 [-1.76047991e+00  8.85000000e+02 -3.10505047e-01 ...  1.00000000e+00
   0.00000000e+00  0.00000000e+00]
 [ 1.21308118e+00  9.87000000e+02  5.33182056e-01 ...  1.00000000e+00
   0.00000000e+00  0.00000000e+00]
 [ 7.46640221e-01  1.33600000e+03  4.87052402e-01 ...  0.00000000e+00
   1.00000000e+00  0.00000000e+00]]"
.kernel.kernels[6].kernels[1].variance,1.0,,,,,,,,,rbf_matern32_sin_lin_sin,lfbgs,1,0,"Day,Overall_Day,Latitude,Longitude,embay_dist,minute_of_day",ES,SVGP,False,4.6.2,4.6.2 has build_functions_v2 implemented.,1000,25,"[[-1.27936571e-01  2.11000000e+02 -6.62257944e+00 ...  0.00000000e+00
   0.00000000e+00  0.00000000e+00]
 [-7.40140325e-01  5.55000000e+02 -6.62257944e+00 ...  0.00000000e+00
   0.00000000e+00  0.00000000e+00]
 [-1.67302224e+00  1.58000000e+02 -6.62257944e+00 ...  0.00000000e+00
   0.00000000e+00  0.00000000e+00]
 ...
 [-1.76047991e+00  8.85000000e+02 -3.10505047e-01 ...  1.00000000e+00
   0.00000000e+00  0.00000000e+00]
 [ 1.21308118e+00  9.87000000e+02  5.33182056e-01 ...  1.00000000e+00
   0.00000000e+00  0.00000000e+00]
 [ 7.46640221e-01  1.33600000e+03  4.87052402e-01 ...  0.00000000e+00
   1.00000000e+00  0.00000000e+00]]"
.kernel.kernels[6].kernels[1].lengthscales,365.0,,,,,,,,,rbf_matern32_sin_lin_sin,lfbgs,1,0,"Day,Overall_Day,Latitude,Longitude,embay_dist,minute_of_day",ES,SVGP,False,4.6.2,4.6.2 has build_functions_v2 implemented.,1000,25,"[[-1.27936571e-01  2.11000000e+02 -6.62257944e+00 ...  0.00000000e+00
   0.00000000e+00  0.00000000e+00]
 [-7.40140325e-01  5.55000000e+02 -6.62257944e+00 ...  0.00000000e+00
   0.00000000e+00  0.00000000e+00]
 [-1.67302224e+00  1.58000000e+02 -6.62257944e+00 ...  0.00000000e+00
   0.00000000e+00  0.00000000e+00]
 ...
 [-1.76047991e+00  8.85000000e+02 -3.10505047e-01 ...  1.00000000e+00
   0.00000000e+00  0.00000000e+00]
 [ 1.21308118e+00  9.87000000e+02  5.33182056e-01 ...  1.00000000e+00
   0.00000000e+00  0.00000000e+00]
 [ 7.46640221e-01  1.33600000e+03  4.87052402e-01 ...  0.00000000e+00
   1.00000000e+00  0.00000000e+00]]"
.kernel.kernels[7].variance,0.8819564332144494,,,,,,,,,rbf_matern32_sin_lin_sin,lfbgs,1,0,"Day,Overall_Day,Latitude,Longitude,embay_dist,minute_of_day",ES,SVGP,False,4.6.2,4.6.2 has build_functions_v2 implemented.,1000,25,"[[-1.27936571e-01  2.11000000e+02 -6.62257944e+00 ...  0.00000000e+00
   0.00000000e+00  0.00000000e+00]
 [-7.40140325e-01  5.55000000e+02 -6.62257944e+00 ...  0.00000000e+00
   0.00000000e+00  0.00000000e+00]
 [-1.67302224e+00  1.58000000e+02 -6.62257944e+00 ...  0.00000000e+00
   0.00000000e+00  0.00000000e+00]
 ...
 [-1.76047991e+00  8.85000000e+02 -3.10505047e-01 ...  1.00000000e+00
   0.00000000e+00  0.00000000e+00]
 [ 1.21308118e+00  9.87000000e+02  5.33182056e-01 ...  1.00000000e+00
   0.00000000e+00  0.00000000e+00]
 [ 7.46640221e-01  1.33600000e+03  4.87052402e-01 ...  0.00000000e+00
   1.00000000e+00  0.00000000e+00]]"
.kernel.kernels[7].lengthscales,1440.0,,,,,,,,,rbf_matern32_sin_lin_sin,lfbgs,1,0,"Day,Overall_Day,Latitude,Longitude,embay_dist,minute_of_day",ES,SVGP,False,4.6.2,4.6.2 has build_functions_v2 implemented.,1000,25,"[[-1.27936571e-01  2.11000000e+02 -6.62257944e+00 ...  0.00000000e+00
   0.00000000e+00  0.00000000e+00]
 [-7.40140325e-01  5.55000000e+02 -6.62257944e+00 ...  0.00000000e+00
   0.00000000e+00  0.00000000e+00]
 [-1.67302224e+00  1.58000000e+02 -6.62257944e+00 ...  0.00000000e+00
   0.00000000e+00  0.00000000e+00]
 ...
 [-1.76047991e+00  8.85000000e+02 -3.10505047e-01 ...  1.00000000e+00
   0.00000000e+00  0.00000000e+00]
 [ 1.21308118e+00  9.87000000e+02  5.33182056e-01 ...  1.00000000e+00
   0.00000000e+00  0.00000000e+00]
 [ 7.46640221e-01  1.33600000e+03  4.87052402e-01 ...  0.00000000e+00
   1.00000000e+00  0.00000000e+00]]"
.kernel.kernels[0].variance,0.7952372058570112,,,,,,,,,rbf_matern32_sin_lin_sin,lfbgs,2,0,"Day,Overall_Day,Latitude,Longitude,embay_dist,minute_of_day",ES,SVGP,False,4.6.2,4.6.2 has build_functions_v2 implemented.,1000,25,"[[ 6.76686298e-01  2.39000000e+02 -6.24551282e+00 ...  0.00000000e+00
   0.00000000e+00  0.00000000e+00]
 [-1.68312373e+00  1.58000000e+02 -6.24551282e+00 ...  0.00000000e+00
   0.00000000e+00  0.00000000e+00]
 [ 1.11368815e+00  2.54000000e+02 -6.24551282e+00 ...  0.00000000e+00
   0.00000000e+00  0.00000000e+00]
 ...
 [ 1.66722384e+00  1.36800000e+03  6.63292631e-01 ...  0.00000000e+00
   1.00000000e+00  0.00000000e+00]
 [-1.97317415e-01  1.66900000e+03  6.53245122e-01 ...  0.00000000e+00
   0.00000000e+00  1.00000000e+00]
 [-1.36265570e+00  1.26400000e+03  5.55801583e-01 ...  0.00000000e+00
   1.00000000e+00  0.00000000e+00]]"
.kernel.kernels[0].lengthscales,1.1200597892744886,1.1015834866091374,1.52026573516943,1.5986436299443776,1.7933382314510458,1.9481421770706537,1.6923697090534944,1.7143700488811155,1.6698305915493505,rbf_matern32_sin_lin_sin,lfbgs,2,0,"Day,Overall_Day,Latitude,Longitude,embay_dist,minute_of_day",ES,SVGP,False,4.6.2,4.6.2 has build_functions_v2 implemented.,1000,25,"[[ 6.76686298e-01  2.39000000e+02 -6.24551282e+00 ...  0.00000000e+00
   0.00000000e+00  0.00000000e+00]
 [-1.68312373e+00  1.58000000e+02 -6.24551282e+00 ...  0.00000000e+00
   0.00000000e+00  0.00000000e+00]
 [ 1.11368815e+00  2.54000000e+02 -6.24551282e+00 ...  0.00000000e+00
   0.00000000e+00  0.00000000e+00]
 ...
 [ 1.66722384e+00  1.36800000e+03  6.63292631e-01 ...  0.00000000e+00
   1.00000000e+00  0.00000000e+00]
 [-1.97317415e-01  1.66900000e+03  6.53245122e-01 ...  0.00000000e+00
   0.00000000e+00  1.00000000e+00]
 [-1.36265570e+00  1.26400000e+03  5.55801583e-01 ...  0.00000000e+00
   1.00000000e+00  0.00000000e+00]]"
.kernel.kernels[1].variance,0.48473701504865824,,,,,,,,,rbf_matern32_sin_lin_sin,lfbgs,2,0,"Day,Overall_Day,Latitude,Longitude,embay_dist,minute_of_day",ES,SVGP,False,4.6.2,4.6.2 has build_functions_v2 implemented.,1000,25,"[[ 6.76686298e-01  2.39000000e+02 -6.24551282e+00 ...  0.00000000e+00
   0.00000000e+00  0.00000000e+00]
 [-1.68312373e+00  1.58000000e+02 -6.24551282e+00 ...  0.00000000e+00
   0.00000000e+00  0.00000000e+00]
 [ 1.11368815e+00  2.54000000e+02 -6.24551282e+00 ...  0.00000000e+00
   0.00000000e+00  0.00000000e+00]
 ...
 [ 1.66722384e+00  1.36800000e+03  6.63292631e-01 ...  0.00000000e+00
   1.00000000e+00  0.00000000e+00]
 [-1.97317415e-01  1.66900000e+03  6.53245122e-01 ...  0.00000000e+00
   0.00000000e+00  1.00000000e+00]
 [-1.36265570e+00  1.26400000e+03  5.55801583e-01 ...  0.00000000e+00
   1.00000000e+00  0.00000000e+00]]"
.kernel.kernels[1].lengthscales,1.8636103698021986,1.496394932485904,1.7388648165314833,1.7985633099940495,1.8784519717562167,2.1095399323409434,1.960120631572675,2.0058552880357197,1.8653306032063617,rbf_matern32_sin_lin_sin,lfbgs,2,0,"Day,Overall_Day,Latitude,Longitude,embay_dist,minute_of_day",ES,SVGP,False,4.6.2,4.6.2 has build_functions_v2 implemented.,1000,25,"[[ 6.76686298e-01  2.39000000e+02 -6.24551282e+00 ...  0.00000000e+00
   0.00000000e+00  0.00000000e+00]
 [-1.68312373e+00  1.58000000e+02 -6.24551282e+00 ...  0.00000000e+00
   0.00000000e+00  0.00000000e+00]
 [ 1.11368815e+00  2.54000000e+02 -6.24551282e+00 ...  0.00000000e+00
   0.00000000e+00  0.00000000e+00]
 ...
 [ 1.66722384e+00  1.36800000e+03  6.63292631e-01 ...  0.00000000e+00
   1.00000000e+00  0.00000000e+00]
 [-1.97317415e-01  1.66900000e+03  6.53245122e-01 ...  0.00000000e+00
   0.00000000e+00  1.00000000e+00]
 [-1.36265570e+00  1.26400000e+03  5.55801583e-01 ...  0.00000000e+00
   1.00000000e+00  0.00000000e+00]]"
.kernel.kernels[2].kernels[0].variance,0.7961892680050785,,,,,,,,,rbf_matern32_sin_lin_sin,lfbgs,2,0,"Day,Overall_Day,Latitude,Longitude,embay_dist,minute_of_day",ES,SVGP,False,4.6.2,4.6.2 has build_functions_v2 implemented.,1000,25,"[[ 6.76686298e-01  2.39000000e+02 -6.24551282e+00 ...  0.00000000e+00
   0.00000000e+00  0.00000000e+00]
 [-1.68312373e+00  1.58000000e+02 -6.24551282e+00 ...  0.00000000e+00
   0.00000000e+00  0.00000000e+00]
 [ 1.11368815e+00  2.54000000e+02 -6.24551282e+00 ...  0.00000000e+00
   0.00000000e+00  0.00000000e+00]
 ...
 [ 1.66722384e+00  1.36800000e+03  6.63292631e-01 ...  0.00000000e+00
   1.00000000e+00  0.00000000e+00]
 [-1.97317415e-01  1.66900000e+03  6.53245122e-01 ...  0.00000000e+00
   0.00000000e+00  1.00000000e+00]
 [-1.36265570e+00  1.26400000e+03  5.55801583e-01 ...  0.00000000e+00
   1.00000000e+00  0.00000000e+00]]"
.kernel.kernels[2].kernels[1].variance,1.0,,,,,,,,,rbf_matern32_sin_lin_sin,lfbgs,2,0,"Day,Overall_Day,Latitude,Longitude,embay_dist,minute_of_day",ES,SVGP,False,4.6.2,4.6.2 has build_functions_v2 implemented.,1000,25,"[[ 6.76686298e-01  2.39000000e+02 -6.24551282e+00 ...  0.00000000e+00
   0.00000000e+00  0.00000000e+00]
 [-1.68312373e+00  1.58000000e+02 -6.24551282e+00 ...  0.00000000e+00
   0.00000000e+00  0.00000000e+00]
 [ 1.11368815e+00  2.54000000e+02 -6.24551282e+00 ...  0.00000000e+00
   0.00000000e+00  0.00000000e+00]
 ...
 [ 1.66722384e+00  1.36800000e+03  6.63292631e-01 ...  0.00000000e+00
   1.00000000e+00  0.00000000e+00]
 [-1.97317415e-01  1.66900000e+03  6.53245122e-01 ...  0.00000000e+00
   0.00000000e+00  1.00000000e+00]
 [-1.36265570e+00  1.26400000e+03  5.55801583e-01 ...  0.00000000e+00
   1.00000000e+00  0.00000000e+00]]"
.kernel.kernels[2].kernels[1].lengthscales,365.0,,,,,,,,,rbf_matern32_sin_lin_sin,lfbgs,2,0,"Day,Overall_Day,Latitude,Longitude,embay_dist,minute_of_day",ES,SVGP,False,4.6.2,4.6.2 has build_functions_v2 implemented.,1000,25,"[[ 6.76686298e-01  2.39000000e+02 -6.24551282e+00 ...  0.00000000e+00
   0.00000000e+00  0.00000000e+00]
 [-1.68312373e+00  1.58000000e+02 -6.24551282e+00 ...  0.00000000e+00
   0.00000000e+00  0.00000000e+00]
 [ 1.11368815e+00  2.54000000e+02 -6.24551282e+00 ...  0.00000000e+00
   0.00000000e+00  0.00000000e+00]
 ...
 [ 1.66722384e+00  1.36800000e+03  6.63292631e-01 ...  0.00000000e+00
   1.00000000e+00  0.00000000e+00]
 [-1.97317415e-01  1.66900000e+03  6.53245122e-01 ...  0.00000000e+00
   0.00000000e+00  1.00000000e+00]
 [-1.36265570e+00  1.26400000e+03  5.55801583e-01 ...  0.00000000e+00
   1.00000000e+00  0.00000000e+00]]"
.kernel.kernels[3].kernels[0].variance,0.7838324805630451,,,,,,,,,rbf_matern32_sin_lin_sin,lfbgs,2,0,"Day,Overall_Day,Latitude,Longitude,embay_dist,minute_of_day",ES,SVGP,False,4.6.2,4.6.2 has build_functions_v2 implemented.,1000,25,"[[ 6.76686298e-01  2.39000000e+02 -6.24551282e+00 ...  0.00000000e+00
   0.00000000e+00  0.00000000e+00]
 [-1.68312373e+00  1.58000000e+02 -6.24551282e+00 ...  0.00000000e+00
   0.00000000e+00  0.00000000e+00]
 [ 1.11368815e+00  2.54000000e+02 -6.24551282e+00 ...  0.00000000e+00
   0.00000000e+00  0.00000000e+00]
 ...
 [ 1.66722384e+00  1.36800000e+03  6.63292631e-01 ...  0.00000000e+00
   1.00000000e+00  0.00000000e+00]
 [-1.97317415e-01  1.66900000e+03  6.53245122e-01 ...  0.00000000e+00
   0.00000000e+00  1.00000000e+00]
 [-1.36265570e+00  1.26400000e+03  5.55801583e-01 ...  0.00000000e+00
   1.00000000e+00  0.00000000e+00]]"
.kernel.kernels[3].kernels[1].variance,1.0,,,,,,,,,rbf_matern32_sin_lin_sin,lfbgs,2,0,"Day,Overall_Day,Latitude,Longitude,embay_dist,minute_of_day",ES,SVGP,False,4.6.2,4.6.2 has build_functions_v2 implemented.,1000,25,"[[ 6.76686298e-01  2.39000000e+02 -6.24551282e+00 ...  0.00000000e+00
   0.00000000e+00  0.00000000e+00]
 [-1.68312373e+00  1.58000000e+02 -6.24551282e+00 ...  0.00000000e+00
   0.00000000e+00  0.00000000e+00]
 [ 1.11368815e+00  2.54000000e+02 -6.24551282e+00 ...  0.00000000e+00
   0.00000000e+00  0.00000000e+00]
 ...
 [ 1.66722384e+00  1.36800000e+03  6.63292631e-01 ...  0.00000000e+00
   1.00000000e+00  0.00000000e+00]
 [-1.97317415e-01  1.66900000e+03  6.53245122e-01 ...  0.00000000e+00
   0.00000000e+00  1.00000000e+00]
 [-1.36265570e+00  1.26400000e+03  5.55801583e-01 ...  0.00000000e+00
   1.00000000e+00  0.00000000e+00]]"
.kernel.kernels[3].kernels[1].lengthscales,365.0,,,,,,,,,rbf_matern32_sin_lin_sin,lfbgs,2,0,"Day,Overall_Day,Latitude,Longitude,embay_dist,minute_of_day",ES,SVGP,False,4.6.2,4.6.2 has build_functions_v2 implemented.,1000,25,"[[ 6.76686298e-01  2.39000000e+02 -6.24551282e+00 ...  0.00000000e+00
   0.00000000e+00  0.00000000e+00]
 [-1.68312373e+00  1.58000000e+02 -6.24551282e+00 ...  0.00000000e+00
   0.00000000e+00  0.00000000e+00]
 [ 1.11368815e+00  2.54000000e+02 -6.24551282e+00 ...  0.00000000e+00
   0.00000000e+00  0.00000000e+00]
 ...
 [ 1.66722384e+00  1.36800000e+03  6.63292631e-01 ...  0.00000000e+00
   1.00000000e+00  0.00000000e+00]
 [-1.97317415e-01  1.66900000e+03  6.53245122e-01 ...  0.00000000e+00
   0.00000000e+00  1.00000000e+00]
 [-1.36265570e+00  1.26400000e+03  5.55801583e-01 ...  0.00000000e+00
   1.00000000e+00  0.00000000e+00]]"
.kernel.kernels[4].kernels[0].variance,0.7334390846379085,,,,,,,,,rbf_matern32_sin_lin_sin,lfbgs,2,0,"Day,Overall_Day,Latitude,Longitude,embay_dist,minute_of_day",ES,SVGP,False,4.6.2,4.6.2 has build_functions_v2 implemented.,1000,25,"[[ 6.76686298e-01  2.39000000e+02 -6.24551282e+00 ...  0.00000000e+00
   0.00000000e+00  0.00000000e+00]
 [-1.68312373e+00  1.58000000e+02 -6.24551282e+00 ...  0.00000000e+00
   0.00000000e+00  0.00000000e+00]
 [ 1.11368815e+00  2.54000000e+02 -6.24551282e+00 ...  0.00000000e+00
   0.00000000e+00  0.00000000e+00]
 ...
 [ 1.66722384e+00  1.36800000e+03  6.63292631e-01 ...  0.00000000e+00
   1.00000000e+00  0.00000000e+00]
 [-1.97317415e-01  1.66900000e+03  6.53245122e-01 ...  0.00000000e+00
   0.00000000e+00  1.00000000e+00]
 [-1.36265570e+00  1.26400000e+03  5.55801583e-01 ...  0.00000000e+00
   1.00000000e+00  0.00000000e+00]]"
.kernel.kernels[4].kernels[1].variance,1.0,,,,,,,,,rbf_matern32_sin_lin_sin,lfbgs,2,0,"Day,Overall_Day,Latitude,Longitude,embay_dist,minute_of_day",ES,SVGP,False,4.6.2,4.6.2 has build_functions_v2 implemented.,1000,25,"[[ 6.76686298e-01  2.39000000e+02 -6.24551282e+00 ...  0.00000000e+00
   0.00000000e+00  0.00000000e+00]
 [-1.68312373e+00  1.58000000e+02 -6.24551282e+00 ...  0.00000000e+00
   0.00000000e+00  0.00000000e+00]
 [ 1.11368815e+00  2.54000000e+02 -6.24551282e+00 ...  0.00000000e+00
   0.00000000e+00  0.00000000e+00]
 ...
 [ 1.66722384e+00  1.36800000e+03  6.63292631e-01 ...  0.00000000e+00
   1.00000000e+00  0.00000000e+00]
 [-1.97317415e-01  1.66900000e+03  6.53245122e-01 ...  0.00000000e+00
   0.00000000e+00  1.00000000e+00]
 [-1.36265570e+00  1.26400000e+03  5.55801583e-01 ...  0.00000000e+00
   1.00000000e+00  0.00000000e+00]]"
.kernel.kernels[4].kernels[1].lengthscales,365.0,,,,,,,,,rbf_matern32_sin_lin_sin,lfbgs,2,0,"Day,Overall_Day,Latitude,Longitude,embay_dist,minute_of_day",ES,SVGP,False,4.6.2,4.6.2 has build_functions_v2 implemented.,1000,25,"[[ 6.76686298e-01  2.39000000e+02 -6.24551282e+00 ...  0.00000000e+00
   0.00000000e+00  0.00000000e+00]
 [-1.68312373e+00  1.58000000e+02 -6.24551282e+00 ...  0.00000000e+00
   0.00000000e+00  0.00000000e+00]
 [ 1.11368815e+00  2.54000000e+02 -6.24551282e+00 ...  0.00000000e+00
   0.00000000e+00  0.00000000e+00]
 ...
 [ 1.66722384e+00  1.36800000e+03  6.63292631e-01 ...  0.00000000e+00
   1.00000000e+00  0.00000000e+00]
 [-1.97317415e-01  1.66900000e+03  6.53245122e-01 ...  0.00000000e+00
   0.00000000e+00  1.00000000e+00]
 [-1.36265570e+00  1.26400000e+03  5.55801583e-01 ...  0.00000000e+00
   1.00000000e+00  0.00000000e+00]]"
.kernel.kernels[5].kernels[0].variance,0.718845072821208,,,,,,,,,rbf_matern32_sin_lin_sin,lfbgs,2,0,"Day,Overall_Day,Latitude,Longitude,embay_dist,minute_of_day",ES,SVGP,False,4.6.2,4.6.2 has build_functions_v2 implemented.,1000,25,"[[ 6.76686298e-01  2.39000000e+02 -6.24551282e+00 ...  0.00000000e+00
   0.00000000e+00  0.00000000e+00]
 [-1.68312373e+00  1.58000000e+02 -6.24551282e+00 ...  0.00000000e+00
   0.00000000e+00  0.00000000e+00]
 [ 1.11368815e+00  2.54000000e+02 -6.24551282e+00 ...  0.00000000e+00
   0.00000000e+00  0.00000000e+00]
 ...
 [ 1.66722384e+00  1.36800000e+03  6.63292631e-01 ...  0.00000000e+00
   1.00000000e+00  0.00000000e+00]
 [-1.97317415e-01  1.66900000e+03  6.53245122e-01 ...  0.00000000e+00
   0.00000000e+00  1.00000000e+00]
 [-1.36265570e+00  1.26400000e+03  5.55801583e-01 ...  0.00000000e+00
   1.00000000e+00  0.00000000e+00]]"
.kernel.kernels[5].kernels[1].variance,1.0,,,,,,,,,rbf_matern32_sin_lin_sin,lfbgs,2,0,"Day,Overall_Day,Latitude,Longitude,embay_dist,minute_of_day",ES,SVGP,False,4.6.2,4.6.2 has build_functions_v2 implemented.,1000,25,"[[ 6.76686298e-01  2.39000000e+02 -6.24551282e+00 ...  0.00000000e+00
   0.00000000e+00  0.00000000e+00]
 [-1.68312373e+00  1.58000000e+02 -6.24551282e+00 ...  0.00000000e+00
   0.00000000e+00  0.00000000e+00]
 [ 1.11368815e+00  2.54000000e+02 -6.24551282e+00 ...  0.00000000e+00
   0.00000000e+00  0.00000000e+00]
 ...
 [ 1.66722384e+00  1.36800000e+03  6.63292631e-01 ...  0.00000000e+00
   1.00000000e+00  0.00000000e+00]
 [-1.97317415e-01  1.66900000e+03  6.53245122e-01 ...  0.00000000e+00
   0.00000000e+00  1.00000000e+00]
 [-1.36265570e+00  1.26400000e+03  5.55801583e-01 ...  0.00000000e+00
   1.00000000e+00  0.00000000e+00]]"
.kernel.kernels[5].kernels[1].lengthscales,365.0,,,,,,,,,rbf_matern32_sin_lin_sin,lfbgs,2,0,"Day,Overall_Day,Latitude,Longitude,embay_dist,minute_of_day",ES,SVGP,False,4.6.2,4.6.2 has build_functions_v2 implemented.,1000,25,"[[ 6.76686298e-01  2.39000000e+02 -6.24551282e+00 ...  0.00000000e+00
   0.00000000e+00  0.00000000e+00]
 [-1.68312373e+00  1.58000000e+02 -6.24551282e+00 ...  0.00000000e+00
   0.00000000e+00  0.00000000e+00]
 [ 1.11368815e+00  2.54000000e+02 -6.24551282e+00 ...  0.00000000e+00
   0.00000000e+00  0.00000000e+00]
 ...
 [ 1.66722384e+00  1.36800000e+03  6.63292631e-01 ...  0.00000000e+00
   1.00000000e+00  0.00000000e+00]
 [-1.97317415e-01  1.66900000e+03  6.53245122e-01 ...  0.00000000e+00
   0.00000000e+00  1.00000000e+00]
 [-1.36265570e+00  1.26400000e+03  5.55801583e-01 ...  0.00000000e+00
   1.00000000e+00  0.00000000e+00]]"
.kernel.kernels[6].kernels[0].variance,0.7090405677909521,,,,,,,,,rbf_matern32_sin_lin_sin,lfbgs,2,0,"Day,Overall_Day,Latitude,Longitude,embay_dist,minute_of_day",ES,SVGP,False,4.6.2,4.6.2 has build_functions_v2 implemented.,1000,25,"[[ 6.76686298e-01  2.39000000e+02 -6.24551282e+00 ...  0.00000000e+00
   0.00000000e+00  0.00000000e+00]
 [-1.68312373e+00  1.58000000e+02 -6.24551282e+00 ...  0.00000000e+00
   0.00000000e+00  0.00000000e+00]
 [ 1.11368815e+00  2.54000000e+02 -6.24551282e+00 ...  0.00000000e+00
   0.00000000e+00  0.00000000e+00]
 ...
 [ 1.66722384e+00  1.36800000e+03  6.63292631e-01 ...  0.00000000e+00
   1.00000000e+00  0.00000000e+00]
 [-1.97317415e-01  1.66900000e+03  6.53245122e-01 ...  0.00000000e+00
   0.00000000e+00  1.00000000e+00]
 [-1.36265570e+00  1.26400000e+03  5.55801583e-01 ...  0.00000000e+00
   1.00000000e+00  0.00000000e+00]]"
.kernel.kernels[6].kernels[1].variance,1.0,,,,,,,,,rbf_matern32_sin_lin_sin,lfbgs,2,0,"Day,Overall_Day,Latitude,Longitude,embay_dist,minute_of_day",ES,SVGP,False,4.6.2,4.6.2 has build_functions_v2 implemented.,1000,25,"[[ 6.76686298e-01  2.39000000e+02 -6.24551282e+00 ...  0.00000000e+00
   0.00000000e+00  0.00000000e+00]
 [-1.68312373e+00  1.58000000e+02 -6.24551282e+00 ...  0.00000000e+00
   0.00000000e+00  0.00000000e+00]
 [ 1.11368815e+00  2.54000000e+02 -6.24551282e+00 ...  0.00000000e+00
   0.00000000e+00  0.00000000e+00]
 ...
 [ 1.66722384e+00  1.36800000e+03  6.63292631e-01 ...  0.00000000e+00
   1.00000000e+00  0.00000000e+00]
 [-1.97317415e-01  1.66900000e+03  6.53245122e-01 ...  0.00000000e+00
   0.00000000e+00  1.00000000e+00]
 [-1.36265570e+00  1.26400000e+03  5.55801583e-01 ...  0.00000000e+00
   1.00000000e+00  0.00000000e+00]]"
.kernel.kernels[6].kernels[1].lengthscales,365.0,,,,,,,,,rbf_matern32_sin_lin_sin,lfbgs,2,0,"Day,Overall_Day,Latitude,Longitude,embay_dist,minute_of_day",ES,SVGP,False,4.6.2,4.6.2 has build_functions_v2 implemented.,1000,25,"[[ 6.76686298e-01  2.39000000e+02 -6.24551282e+00 ...  0.00000000e+00
   0.00000000e+00  0.00000000e+00]
 [-1.68312373e+00  1.58000000e+02 -6.24551282e+00 ...  0.00000000e+00
   0.00000000e+00  0.00000000e+00]
 [ 1.11368815e+00  2.54000000e+02 -6.24551282e+00 ...  0.00000000e+00
   0.00000000e+00  0.00000000e+00]
 ...
 [ 1.66722384e+00  1.36800000e+03  6.63292631e-01 ...  0.00000000e+00
   1.00000000e+00  0.00000000e+00]
 [-1.97317415e-01  1.66900000e+03  6.53245122e-01 ...  0.00000000e+00
   0.00000000e+00  1.00000000e+00]
 [-1.36265570e+00  1.26400000e+03  5.55801583e-01 ...  0.00000000e+00
   1.00000000e+00  0.00000000e+00]]"
.kernel.kernels[7].variance,0.8713163739522296,,,,,,,,,rbf_matern32_sin_lin_sin,lfbgs,2,0,"Day,Overall_Day,Latitude,Longitude,embay_dist,minute_of_day",ES,SVGP,False,4.6.2,4.6.2 has build_functions_v2 implemented.,1000,25,"[[ 6.76686298e-01  2.39000000e+02 -6.24551282e+00 ...  0.00000000e+00
   0.00000000e+00  0.00000000e+00]
 [-1.68312373e+00  1.58000000e+02 -6.24551282e+00 ...  0.00000000e+00
   0.00000000e+00  0.00000000e+00]
 [ 1.11368815e+00  2.54000000e+02 -6.24551282e+00 ...  0.00000000e+00
   0.00000000e+00  0.00000000e+00]
 ...
 [ 1.66722384e+00  1.36800000e+03  6.63292631e-01 ...  0.00000000e+00
   1.00000000e+00  0.00000000e+00]
 [-1.97317415e-01  1.66900000e+03  6.53245122e-01 ...  0.00000000e+00
   0.00000000e+00  1.00000000e+00]
 [-1.36265570e+00  1.26400000e+03  5.55801583e-01 ...  0.00000000e+00
   1.00000000e+00  0.00000000e+00]]"
.kernel.kernels[7].lengthscales,1440.0,,,,,,,,,rbf_matern32_sin_lin_sin,lfbgs,2,0,"Day,Overall_Day,Latitude,Longitude,embay_dist,minute_of_day",ES,SVGP,False,4.6.2,4.6.2 has build_functions_v2 implemented.,1000,25,"[[ 6.76686298e-01  2.39000000e+02 -6.24551282e+00 ...  0.00000000e+00
   0.00000000e+00  0.00000000e+00]
 [-1.68312373e+00  1.58000000e+02 -6.24551282e+00 ...  0.00000000e+00
   0.00000000e+00  0.00000000e+00]
 [ 1.11368815e+00  2.54000000e+02 -6.24551282e+00 ...  0.00000000e+00
   0.00000000e+00  0.00000000e+00]
 ...
 [ 1.66722384e+00  1.36800000e+03  6.63292631e-01 ...  0.00000000e+00
   1.00000000e+00  0.00000000e+00]
 [-1.97317415e-01  1.66900000e+03  6.53245122e-01 ...  0.00000000e+00
   0.00000000e+00  1.00000000e+00]
 [-1.36265570e+00  1.26400000e+03  5.55801583e-01 ...  0.00000000e+00
   1.00000000e+00  0.00000000e+00]]"
.kernel.kernels[0].variance,0.7701989295403764,,,,,,,,,rbf_matern32_sin_lin_sin,lfbgs,3,0,"Day,Overall_Day,Latitude,Longitude,embay_dist,minute_of_day",ES,SVGP,False,4.6.2,4.6.2 has build_functions_v2 implemented.,1000,25,"[[ 1.53531335e+00  2.68000000e+02 -6.93142099e+00 ...  0.00000000e+00
   0.00000000e+00  0.00000000e+00]
 [ 1.12694310e+00  2.54000000e+02 -6.93142099e+00 ...  0.00000000e+00
   0.00000000e+00  0.00000000e+00]
 [-1.55663283e+00  5.27000000e+02 -6.93142099e+00 ...  0.00000000e+00
   0.00000000e+00  0.00000000e+00]
 ...
 [ 1.50614405e+00  9.97000000e+02  1.09338795e+00 ...  1.00000000e+00
   0.00000000e+00  0.00000000e+00]
 [-1.84832587e+00  1.24700000e+03 -2.82416411e-01 ...  0.00000000e+00
   1.00000000e+00  0.00000000e+00]
 [-1.43995561e+00  1.66000000e+02  1.21483654e+00 ...  0.00000000e+00
   0.00000000e+00  0.00000000e+00]]"
.kernel.kernels[0].lengthscales,0.9876113253779846,1.2401524105571757,1.7645081792487936,1.7445393606103243,1.8371916876780032,2.1361575884953585,1.3545419536215306,1.6041962927581868,1.7797044258200108,rbf_matern32_sin_lin_sin,lfbgs,3,0,"Day,Overall_Day,Latitude,Longitude,embay_dist,minute_of_day",ES,SVGP,False,4.6.2,4.6.2 has build_functions_v2 implemented.,1000,25,"[[ 1.53531335e+00  2.68000000e+02 -6.93142099e+00 ...  0.00000000e+00
   0.00000000e+00  0.00000000e+00]
 [ 1.12694310e+00  2.54000000e+02 -6.93142099e+00 ...  0.00000000e+00
   0.00000000e+00  0.00000000e+00]
 [-1.55663283e+00  5.27000000e+02 -6.93142099e+00 ...  0.00000000e+00
   0.00000000e+00  0.00000000e+00]
 ...
 [ 1.50614405e+00  9.97000000e+02  1.09338795e+00 ...  1.00000000e+00
   0.00000000e+00  0.00000000e+00]
 [-1.84832587e+00  1.24700000e+03 -2.82416411e-01 ...  0.00000000e+00
   1.00000000e+00  0.00000000e+00]
 [-1.43995561e+00  1.66000000e+02  1.21483654e+00 ...  0.00000000e+00
   0.00000000e+00  0.00000000e+00]]"
.kernel.kernels[1].variance,0.5202683578011355,,,,,,,,,rbf_matern32_sin_lin_sin,lfbgs,3,0,"Day,Overall_Day,Latitude,Longitude,embay_dist,minute_of_day",ES,SVGP,False,4.6.2,4.6.2 has build_functions_v2 implemented.,1000,25,"[[ 1.53531335e+00  2.68000000e+02 -6.93142099e+00 ...  0.00000000e+00
   0.00000000e+00  0.00000000e+00]
 [ 1.12694310e+00  2.54000000e+02 -6.93142099e+00 ...  0.00000000e+00
   0.00000000e+00  0.00000000e+00]
 [-1.55663283e+00  5.27000000e+02 -6.93142099e+00 ...  0.00000000e+00
   0.00000000e+00  0.00000000e+00]
 ...
 [ 1.50614405e+00  9.97000000e+02  1.09338795e+00 ...  1.00000000e+00
   0.00000000e+00  0.00000000e+00]
 [-1.84832587e+00  1.24700000e+03 -2.82416411e-01 ...  0.00000000e+00
   1.00000000e+00  0.00000000e+00]
 [-1.43995561e+00  1.66000000e+02  1.21483654e+00 ...  0.00000000e+00
   0.00000000e+00  0.00000000e+00]]"
.kernel.kernels[1].lengthscales,2.0375101732462224,1.4011670813163342,1.2676556969205328,1.5312771684028503,2.1153850606094684,2.4741131226146362,1.9876382847270748,2.0543558073479335,2.124714683507659,rbf_matern32_sin_lin_sin,lfbgs,3,0,"Day,Overall_Day,Latitude,Longitude,embay_dist,minute_of_day",ES,SVGP,False,4.6.2,4.6.2 has build_functions_v2 implemented.,1000,25,"[[ 1.53531335e+00  2.68000000e+02 -6.93142099e+00 ...  0.00000000e+00
   0.00000000e+00  0.00000000e+00]
 [ 1.12694310e+00  2.54000000e+02 -6.93142099e+00 ...  0.00000000e+00
   0.00000000e+00  0.00000000e+00]
 [-1.55663283e+00  5.27000000e+02 -6.93142099e+00 ...  0.00000000e+00
   0.00000000e+00  0.00000000e+00]
 ...
 [ 1.50614405e+00  9.97000000e+02  1.09338795e+00 ...  1.00000000e+00
   0.00000000e+00  0.00000000e+00]
 [-1.84832587e+00  1.24700000e+03 -2.82416411e-01 ...  0.00000000e+00
   1.00000000e+00  0.00000000e+00]
 [-1.43995561e+00  1.66000000e+02  1.21483654e+00 ...  0.00000000e+00
   0.00000000e+00  0.00000000e+00]]"
.kernel.kernels[2].kernels[0].variance,0.7462120956523866,,,,,,,,,rbf_matern32_sin_lin_sin,lfbgs,3,0,"Day,Overall_Day,Latitude,Longitude,embay_dist,minute_of_day",ES,SVGP,False,4.6.2,4.6.2 has build_functions_v2 implemented.,1000,25,"[[ 1.53531335e+00  2.68000000e+02 -6.93142099e+00 ...  0.00000000e+00
   0.00000000e+00  0.00000000e+00]
 [ 1.12694310e+00  2.54000000e+02 -6.93142099e+00 ...  0.00000000e+00
   0.00000000e+00  0.00000000e+00]
 [-1.55663283e+00  5.27000000e+02 -6.93142099e+00 ...  0.00000000e+00
   0.00000000e+00  0.00000000e+00]
 ...
 [ 1.50614405e+00  9.97000000e+02  1.09338795e+00 ...  1.00000000e+00
   0.00000000e+00  0.00000000e+00]
 [-1.84832587e+00  1.24700000e+03 -2.82416411e-01 ...  0.00000000e+00
   1.00000000e+00  0.00000000e+00]
 [-1.43995561e+00  1.66000000e+02  1.21483654e+00 ...  0.00000000e+00
   0.00000000e+00  0.00000000e+00]]"
.kernel.kernels[2].kernels[1].variance,1.0,,,,,,,,,rbf_matern32_sin_lin_sin,lfbgs,3,0,"Day,Overall_Day,Latitude,Longitude,embay_dist,minute_of_day",ES,SVGP,False,4.6.2,4.6.2 has build_functions_v2 implemented.,1000,25,"[[ 1.53531335e+00  2.68000000e+02 -6.93142099e+00 ...  0.00000000e+00
   0.00000000e+00  0.00000000e+00]
 [ 1.12694310e+00  2.54000000e+02 -6.93142099e+00 ...  0.00000000e+00
   0.00000000e+00  0.00000000e+00]
 [-1.55663283e+00  5.27000000e+02 -6.93142099e+00 ...  0.00000000e+00
   0.00000000e+00  0.00000000e+00]
 ...
 [ 1.50614405e+00  9.97000000e+02  1.09338795e+00 ...  1.00000000e+00
   0.00000000e+00  0.00000000e+00]
 [-1.84832587e+00  1.24700000e+03 -2.82416411e-01 ...  0.00000000e+00
   1.00000000e+00  0.00000000e+00]
 [-1.43995561e+00  1.66000000e+02  1.21483654e+00 ...  0.00000000e+00
   0.00000000e+00  0.00000000e+00]]"
.kernel.kernels[2].kernels[1].lengthscales,365.0,,,,,,,,,rbf_matern32_sin_lin_sin,lfbgs,3,0,"Day,Overall_Day,Latitude,Longitude,embay_dist,minute_of_day",ES,SVGP,False,4.6.2,4.6.2 has build_functions_v2 implemented.,1000,25,"[[ 1.53531335e+00  2.68000000e+02 -6.93142099e+00 ...  0.00000000e+00
   0.00000000e+00  0.00000000e+00]
 [ 1.12694310e+00  2.54000000e+02 -6.93142099e+00 ...  0.00000000e+00
   0.00000000e+00  0.00000000e+00]
 [-1.55663283e+00  5.27000000e+02 -6.93142099e+00 ...  0.00000000e+00
   0.00000000e+00  0.00000000e+00]
 ...
 [ 1.50614405e+00  9.97000000e+02  1.09338795e+00 ...  1.00000000e+00
   0.00000000e+00  0.00000000e+00]
 [-1.84832587e+00  1.24700000e+03 -2.82416411e-01 ...  0.00000000e+00
   1.00000000e+00  0.00000000e+00]
 [-1.43995561e+00  1.66000000e+02  1.21483654e+00 ...  0.00000000e+00
   0.00000000e+00  0.00000000e+00]]"
.kernel.kernels[3].kernels[0].variance,0.7471929043010905,,,,,,,,,rbf_matern32_sin_lin_sin,lfbgs,3,0,"Day,Overall_Day,Latitude,Longitude,embay_dist,minute_of_day",ES,SVGP,False,4.6.2,4.6.2 has build_functions_v2 implemented.,1000,25,"[[ 1.53531335e+00  2.68000000e+02 -6.93142099e+00 ...  0.00000000e+00
   0.00000000e+00  0.00000000e+00]
 [ 1.12694310e+00  2.54000000e+02 -6.93142099e+00 ...  0.00000000e+00
   0.00000000e+00  0.00000000e+00]
 [-1.55663283e+00  5.27000000e+02 -6.93142099e+00 ...  0.00000000e+00
   0.00000000e+00  0.00000000e+00]
 ...
 [ 1.50614405e+00  9.97000000e+02  1.09338795e+00 ...  1.00000000e+00
   0.00000000e+00  0.00000000e+00]
 [-1.84832587e+00  1.24700000e+03 -2.82416411e-01 ...  0.00000000e+00
   1.00000000e+00  0.00000000e+00]
 [-1.43995561e+00  1.66000000e+02  1.21483654e+00 ...  0.00000000e+00
   0.00000000e+00  0.00000000e+00]]"
.kernel.kernels[3].kernels[1].variance,1.0,,,,,,,,,rbf_matern32_sin_lin_sin,lfbgs,3,0,"Day,Overall_Day,Latitude,Longitude,embay_dist,minute_of_day",ES,SVGP,False,4.6.2,4.6.2 has build_functions_v2 implemented.,1000,25,"[[ 1.53531335e+00  2.68000000e+02 -6.93142099e+00 ...  0.00000000e+00
   0.00000000e+00  0.00000000e+00]
 [ 1.12694310e+00  2.54000000e+02 -6.93142099e+00 ...  0.00000000e+00
   0.00000000e+00  0.00000000e+00]
 [-1.55663283e+00  5.27000000e+02 -6.93142099e+00 ...  0.00000000e+00
   0.00000000e+00  0.00000000e+00]
 ...
 [ 1.50614405e+00  9.97000000e+02  1.09338795e+00 ...  1.00000000e+00
   0.00000000e+00  0.00000000e+00]
 [-1.84832587e+00  1.24700000e+03 -2.82416411e-01 ...  0.00000000e+00
   1.00000000e+00  0.00000000e+00]
 [-1.43995561e+00  1.66000000e+02  1.21483654e+00 ...  0.00000000e+00
   0.00000000e+00  0.00000000e+00]]"
.kernel.kernels[3].kernels[1].lengthscales,365.0,,,,,,,,,rbf_matern32_sin_lin_sin,lfbgs,3,0,"Day,Overall_Day,Latitude,Longitude,embay_dist,minute_of_day",ES,SVGP,False,4.6.2,4.6.2 has build_functions_v2 implemented.,1000,25,"[[ 1.53531335e+00  2.68000000e+02 -6.93142099e+00 ...  0.00000000e+00
   0.00000000e+00  0.00000000e+00]
 [ 1.12694310e+00  2.54000000e+02 -6.93142099e+00 ...  0.00000000e+00
   0.00000000e+00  0.00000000e+00]
 [-1.55663283e+00  5.27000000e+02 -6.93142099e+00 ...  0.00000000e+00
   0.00000000e+00  0.00000000e+00]
 ...
 [ 1.50614405e+00  9.97000000e+02  1.09338795e+00 ...  1.00000000e+00
   0.00000000e+00  0.00000000e+00]
 [-1.84832587e+00  1.24700000e+03 -2.82416411e-01 ...  0.00000000e+00
   1.00000000e+00  0.00000000e+00]
 [-1.43995561e+00  1.66000000e+02  1.21483654e+00 ...  0.00000000e+00
   0.00000000e+00  0.00000000e+00]]"
.kernel.kernels[4].kernels[0].variance,0.8285714991671165,,,,,,,,,rbf_matern32_sin_lin_sin,lfbgs,3,0,"Day,Overall_Day,Latitude,Longitude,embay_dist,minute_of_day",ES,SVGP,False,4.6.2,4.6.2 has build_functions_v2 implemented.,1000,25,"[[ 1.53531335e+00  2.68000000e+02 -6.93142099e+00 ...  0.00000000e+00
   0.00000000e+00  0.00000000e+00]
 [ 1.12694310e+00  2.54000000e+02 -6.93142099e+00 ...  0.00000000e+00
   0.00000000e+00  0.00000000e+00]
 [-1.55663283e+00  5.27000000e+02 -6.93142099e+00 ...  0.00000000e+00
   0.00000000e+00  0.00000000e+00]
 ...
 [ 1.50614405e+00  9.97000000e+02  1.09338795e+00 ...  1.00000000e+00
   0.00000000e+00  0.00000000e+00]
 [-1.84832587e+00  1.24700000e+03 -2.82416411e-01 ...  0.00000000e+00
   1.00000000e+00  0.00000000e+00]
 [-1.43995561e+00  1.66000000e+02  1.21483654e+00 ...  0.00000000e+00
   0.00000000e+00  0.00000000e+00]]"
.kernel.kernels[4].kernels[1].variance,1.0,,,,,,,,,rbf_matern32_sin_lin_sin,lfbgs,3,0,"Day,Overall_Day,Latitude,Longitude,embay_dist,minute_of_day",ES,SVGP,False,4.6.2,4.6.2 has build_functions_v2 implemented.,1000,25,"[[ 1.53531335e+00  2.68000000e+02 -6.93142099e+00 ...  0.00000000e+00
   0.00000000e+00  0.00000000e+00]
 [ 1.12694310e+00  2.54000000e+02 -6.93142099e+00 ...  0.00000000e+00
   0.00000000e+00  0.00000000e+00]
 [-1.55663283e+00  5.27000000e+02 -6.93142099e+00 ...  0.00000000e+00
   0.00000000e+00  0.00000000e+00]
 ...
 [ 1.50614405e+00  9.97000000e+02  1.09338795e+00 ...  1.00000000e+00
   0.00000000e+00  0.00000000e+00]
 [-1.84832587e+00  1.24700000e+03 -2.82416411e-01 ...  0.00000000e+00
   1.00000000e+00  0.00000000e+00]
 [-1.43995561e+00  1.66000000e+02  1.21483654e+00 ...  0.00000000e+00
   0.00000000e+00  0.00000000e+00]]"
.kernel.kernels[4].kernels[1].lengthscales,365.0,,,,,,,,,rbf_matern32_sin_lin_sin,lfbgs,3,0,"Day,Overall_Day,Latitude,Longitude,embay_dist,minute_of_day",ES,SVGP,False,4.6.2,4.6.2 has build_functions_v2 implemented.,1000,25,"[[ 1.53531335e+00  2.68000000e+02 -6.93142099e+00 ...  0.00000000e+00
   0.00000000e+00  0.00000000e+00]
 [ 1.12694310e+00  2.54000000e+02 -6.93142099e+00 ...  0.00000000e+00
   0.00000000e+00  0.00000000e+00]
 [-1.55663283e+00  5.27000000e+02 -6.93142099e+00 ...  0.00000000e+00
   0.00000000e+00  0.00000000e+00]
 ...
 [ 1.50614405e+00  9.97000000e+02  1.09338795e+00 ...  1.00000000e+00
   0.00000000e+00  0.00000000e+00]
 [-1.84832587e+00  1.24700000e+03 -2.82416411e-01 ...  0.00000000e+00
   1.00000000e+00  0.00000000e+00]
 [-1.43995561e+00  1.66000000e+02  1.21483654e+00 ...  0.00000000e+00
   0.00000000e+00  0.00000000e+00]]"
.kernel.kernels[5].kernels[0].variance,0.72271054656169,,,,,,,,,rbf_matern32_sin_lin_sin,lfbgs,3,0,"Day,Overall_Day,Latitude,Longitude,embay_dist,minute_of_day",ES,SVGP,False,4.6.2,4.6.2 has build_functions_v2 implemented.,1000,25,"[[ 1.53531335e+00  2.68000000e+02 -6.93142099e+00 ...  0.00000000e+00
   0.00000000e+00  0.00000000e+00]
 [ 1.12694310e+00  2.54000000e+02 -6.93142099e+00 ...  0.00000000e+00
   0.00000000e+00  0.00000000e+00]
 [-1.55663283e+00  5.27000000e+02 -6.93142099e+00 ...  0.00000000e+00
   0.00000000e+00  0.00000000e+00]
 ...
 [ 1.50614405e+00  9.97000000e+02  1.09338795e+00 ...  1.00000000e+00
   0.00000000e+00  0.00000000e+00]
 [-1.84832587e+00  1.24700000e+03 -2.82416411e-01 ...  0.00000000e+00
   1.00000000e+00  0.00000000e+00]
 [-1.43995561e+00  1.66000000e+02  1.21483654e+00 ...  0.00000000e+00
   0.00000000e+00  0.00000000e+00]]"
.kernel.kernels[5].kernels[1].variance,1.0,,,,,,,,,rbf_matern32_sin_lin_sin,lfbgs,3,0,"Day,Overall_Day,Latitude,Longitude,embay_dist,minute_of_day",ES,SVGP,False,4.6.2,4.6.2 has build_functions_v2 implemented.,1000,25,"[[ 1.53531335e+00  2.68000000e+02 -6.93142099e+00 ...  0.00000000e+00
   0.00000000e+00  0.00000000e+00]
 [ 1.12694310e+00  2.54000000e+02 -6.93142099e+00 ...  0.00000000e+00
   0.00000000e+00  0.00000000e+00]
 [-1.55663283e+00  5.27000000e+02 -6.93142099e+00 ...  0.00000000e+00
   0.00000000e+00  0.00000000e+00]
 ...
 [ 1.50614405e+00  9.97000000e+02  1.09338795e+00 ...  1.00000000e+00
   0.00000000e+00  0.00000000e+00]
 [-1.84832587e+00  1.24700000e+03 -2.82416411e-01 ...  0.00000000e+00
   1.00000000e+00  0.00000000e+00]
 [-1.43995561e+00  1.66000000e+02  1.21483654e+00 ...  0.00000000e+00
   0.00000000e+00  0.00000000e+00]]"
.kernel.kernels[5].kernels[1].lengthscales,365.0,,,,,,,,,rbf_matern32_sin_lin_sin,lfbgs,3,0,"Day,Overall_Day,Latitude,Longitude,embay_dist,minute_of_day",ES,SVGP,False,4.6.2,4.6.2 has build_functions_v2 implemented.,1000,25,"[[ 1.53531335e+00  2.68000000e+02 -6.93142099e+00 ...  0.00000000e+00
   0.00000000e+00  0.00000000e+00]
 [ 1.12694310e+00  2.54000000e+02 -6.93142099e+00 ...  0.00000000e+00
   0.00000000e+00  0.00000000e+00]
 [-1.55663283e+00  5.27000000e+02 -6.93142099e+00 ...  0.00000000e+00
   0.00000000e+00  0.00000000e+00]
 ...
 [ 1.50614405e+00  9.97000000e+02  1.09338795e+00 ...  1.00000000e+00
   0.00000000e+00  0.00000000e+00]
 [-1.84832587e+00  1.24700000e+03 -2.82416411e-01 ...  0.00000000e+00
   1.00000000e+00  0.00000000e+00]
 [-1.43995561e+00  1.66000000e+02  1.21483654e+00 ...  0.00000000e+00
   0.00000000e+00  0.00000000e+00]]"
.kernel.kernels[6].kernels[0].variance,0.6476074415454078,,,,,,,,,rbf_matern32_sin_lin_sin,lfbgs,3,0,"Day,Overall_Day,Latitude,Longitude,embay_dist,minute_of_day",ES,SVGP,False,4.6.2,4.6.2 has build_functions_v2 implemented.,1000,25,"[[ 1.53531335e+00  2.68000000e+02 -6.93142099e+00 ...  0.00000000e+00
   0.00000000e+00  0.00000000e+00]
 [ 1.12694310e+00  2.54000000e+02 -6.93142099e+00 ...  0.00000000e+00
   0.00000000e+00  0.00000000e+00]
 [-1.55663283e+00  5.27000000e+02 -6.93142099e+00 ...  0.00000000e+00
   0.00000000e+00  0.00000000e+00]
 ...
 [ 1.50614405e+00  9.97000000e+02  1.09338795e+00 ...  1.00000000e+00
   0.00000000e+00  0.00000000e+00]
 [-1.84832587e+00  1.24700000e+03 -2.82416411e-01 ...  0.00000000e+00
   1.00000000e+00  0.00000000e+00]
 [-1.43995561e+00  1.66000000e+02  1.21483654e+00 ...  0.00000000e+00
   0.00000000e+00  0.00000000e+00]]"
.kernel.kernels[6].kernels[1].variance,1.0,,,,,,,,,rbf_matern32_sin_lin_sin,lfbgs,3,0,"Day,Overall_Day,Latitude,Longitude,embay_dist,minute_of_day",ES,SVGP,False,4.6.2,4.6.2 has build_functions_v2 implemented.,1000,25,"[[ 1.53531335e+00  2.68000000e+02 -6.93142099e+00 ...  0.00000000e+00
   0.00000000e+00  0.00000000e+00]
 [ 1.12694310e+00  2.54000000e+02 -6.93142099e+00 ...  0.00000000e+00
   0.00000000e+00  0.00000000e+00]
 [-1.55663283e+00  5.27000000e+02 -6.93142099e+00 ...  0.00000000e+00
   0.00000000e+00  0.00000000e+00]
 ...
 [ 1.50614405e+00  9.97000000e+02  1.09338795e+00 ...  1.00000000e+00
   0.00000000e+00  0.00000000e+00]
 [-1.84832587e+00  1.24700000e+03 -2.82416411e-01 ...  0.00000000e+00
   1.00000000e+00  0.00000000e+00]
 [-1.43995561e+00  1.66000000e+02  1.21483654e+00 ...  0.00000000e+00
   0.00000000e+00  0.00000000e+00]]"
.kernel.kernels[6].kernels[1].lengthscales,365.0,,,,,,,,,rbf_matern32_sin_lin_sin,lfbgs,3,0,"Day,Overall_Day,Latitude,Longitude,embay_dist,minute_of_day",ES,SVGP,False,4.6.2,4.6.2 has build_functions_v2 implemented.,1000,25,"[[ 1.53531335e+00  2.68000000e+02 -6.93142099e+00 ...  0.00000000e+00
   0.00000000e+00  0.00000000e+00]
 [ 1.12694310e+00  2.54000000e+02 -6.93142099e+00 ...  0.00000000e+00
   0.00000000e+00  0.00000000e+00]
 [-1.55663283e+00  5.27000000e+02 -6.93142099e+00 ...  0.00000000e+00
   0.00000000e+00  0.00000000e+00]
 ...
 [ 1.50614405e+00  9.97000000e+02  1.09338795e+00 ...  1.00000000e+00
   0.00000000e+00  0.00000000e+00]
 [-1.84832587e+00  1.24700000e+03 -2.82416411e-01 ...  0.00000000e+00
   1.00000000e+00  0.00000000e+00]
 [-1.43995561e+00  1.66000000e+02  1.21483654e+00 ...  0.00000000e+00
   0.00000000e+00  0.00000000e+00]]"
.kernel.kernels[7].variance,0.8598529992484021,,,,,,,,,rbf_matern32_sin_lin_sin,lfbgs,3,0,"Day,Overall_Day,Latitude,Longitude,embay_dist,minute_of_day",ES,SVGP,False,4.6.2,4.6.2 has build_functions_v2 implemented.,1000,25,"[[ 1.53531335e+00  2.68000000e+02 -6.93142099e+00 ...  0.00000000e+00
   0.00000000e+00  0.00000000e+00]
 [ 1.12694310e+00  2.54000000e+02 -6.93142099e+00 ...  0.00000000e+00
   0.00000000e+00  0.00000000e+00]
 [-1.55663283e+00  5.27000000e+02 -6.93142099e+00 ...  0.00000000e+00
   0.00000000e+00  0.00000000e+00]
 ...
 [ 1.50614405e+00  9.97000000e+02  1.09338795e+00 ...  1.00000000e+00
   0.00000000e+00  0.00000000e+00]
 [-1.84832587e+00  1.24700000e+03 -2.82416411e-01 ...  0.00000000e+00
   1.00000000e+00  0.00000000e+00]
 [-1.43995561e+00  1.66000000e+02  1.21483654e+00 ...  0.00000000e+00
   0.00000000e+00  0.00000000e+00]]"
.kernel.kernels[7].lengthscales,1440.0,,,,,,,,,rbf_matern32_sin_lin_sin,lfbgs,3,0,"Day,Overall_Day,Latitude,Longitude,embay_dist,minute_of_day",ES,SVGP,False,4.6.2,4.6.2 has build_functions_v2 implemented.,1000,25,"[[ 1.53531335e+00  2.68000000e+02 -6.93142099e+00 ...  0.00000000e+00
   0.00000000e+00  0.00000000e+00]
 [ 1.12694310e+00  2.54000000e+02 -6.93142099e+00 ...  0.00000000e+00
   0.00000000e+00  0.00000000e+00]
 [-1.55663283e+00  5.27000000e+02 -6.93142099e+00 ...  0.00000000e+00
   0.00000000e+00  0.00000000e+00]
 ...
 [ 1.50614405e+00  9.97000000e+02  1.09338795e+00 ...  1.00000000e+00
   0.00000000e+00  0.00000000e+00]
 [-1.84832587e+00  1.24700000e+03 -2.82416411e-01 ...  0.00000000e+00
   1.00000000e+00  0.00000000e+00]
 [-1.43995561e+00  1.66000000e+02  1.21483654e+00 ...  0.00000000e+00
   0.00000000e+00  0.00000000e+00]]"
.kernel.kernels[0].variance,0.7959159276635028,,,,,,,,,rbf_matern32_sin_lin_sin,lfbgs,4,0,"Day,Overall_Day,Latitude,Longitude,embay_dist,minute_of_day",ES,SVGP,False,4.6.2,4.6.2 has build_functions_v2 implemented.,1000,25,"[[ 1.12491239e+00  2.54000000e+02 -7.09157831e+00 ...  0.00000000e+00
   0.00000000e+00  0.00000000e+00]
 [ 1.53426062e+00  2.68000000e+02 -7.09157831e+00 ...  0.00000000e+00
   0.00000000e+00  0.00000000e+00]
 [-1.68204691e+00  1.58000000e+02 -7.09157831e+00 ...  0.00000000e+00
   0.00000000e+00  0.00000000e+00]
 ...
 [-9.21828769e-01  1.64400000e+03  3.62261284e-01 ...  0.00000000e+00
   0.00000000e+00  1.00000000e+00]
 [-1.00954625e+00  1.27600000e+03  7.27258756e-01 ...  0.00000000e+00
   1.00000000e+00  0.00000000e+00]
 [-1.50661196e+00  8.94000000e+02 -1.07689003e+00 ...  1.00000000e+00
   0.00000000e+00  0.00000000e+00]]"
.kernel.kernels[0].lengthscales,1.0793109694126721,1.1768285882159404,1.8113312195203077,1.8266813956809915,1.7664583517043961,2.078606046381399,1.4421751863830636,1.7620143931254755,1.660852152484538,rbf_matern32_sin_lin_sin,lfbgs,4,0,"Day,Overall_Day,Latitude,Longitude,embay_dist,minute_of_day",ES,SVGP,False,4.6.2,4.6.2 has build_functions_v2 implemented.,1000,25,"[[ 1.12491239e+00  2.54000000e+02 -7.09157831e+00 ...  0.00000000e+00
   0.00000000e+00  0.00000000e+00]
 [ 1.53426062e+00  2.68000000e+02 -7.09157831e+00 ...  0.00000000e+00
   0.00000000e+00  0.00000000e+00]
 [-1.68204691e+00  1.58000000e+02 -7.09157831e+00 ...  0.00000000e+00
   0.00000000e+00  0.00000000e+00]
 ...
 [-9.21828769e-01  1.64400000e+03  3.62261284e-01 ...  0.00000000e+00
   0.00000000e+00  1.00000000e+00]
 [-1.00954625e+00  1.27600000e+03  7.27258756e-01 ...  0.00000000e+00
   1.00000000e+00  0.00000000e+00]
 [-1.50661196e+00  8.94000000e+02 -1.07689003e+00 ...  1.00000000e+00
   0.00000000e+00  0.00000000e+00]]"
.kernel.kernels[1].variance,0.5082314088623701,,,,,,,,,rbf_matern32_sin_lin_sin,lfbgs,4,0,"Day,Overall_Day,Latitude,Longitude,embay_dist,minute_of_day",ES,SVGP,False,4.6.2,4.6.2 has build_functions_v2 implemented.,1000,25,"[[ 1.12491239e+00  2.54000000e+02 -7.09157831e+00 ...  0.00000000e+00
   0.00000000e+00  0.00000000e+00]
 [ 1.53426062e+00  2.68000000e+02 -7.09157831e+00 ...  0.00000000e+00
   0.00000000e+00  0.00000000e+00]
 [-1.68204691e+00  1.58000000e+02 -7.09157831e+00 ...  0.00000000e+00
   0.00000000e+00  0.00000000e+00]
 ...
 [-9.21828769e-01  1.64400000e+03  3.62261284e-01 ...  0.00000000e+00
   0.00000000e+00  1.00000000e+00]
 [-1.00954625e+00  1.27600000e+03  7.27258756e-01 ...  0.00000000e+00
   1.00000000e+00  0.00000000e+00]
 [-1.50661196e+00  8.94000000e+02 -1.07689003e+00 ...  1.00000000e+00
   0.00000000e+00  0.00000000e+00]]"
.kernel.kernels[1].lengthscales,2.3396047040994854,1.563077286210504,1.381251752975448,1.537679758384107,1.7279421441387972,2.244881035630705,2.1314463324864175,2.1294590756224476,2.102539391784327,rbf_matern32_sin_lin_sin,lfbgs,4,0,"Day,Overall_Day,Latitude,Longitude,embay_dist,minute_of_day",ES,SVGP,False,4.6.2,4.6.2 has build_functions_v2 implemented.,1000,25,"[[ 1.12491239e+00  2.54000000e+02 -7.09157831e+00 ...  0.00000000e+00
   0.00000000e+00  0.00000000e+00]
 [ 1.53426062e+00  2.68000000e+02 -7.09157831e+00 ...  0.00000000e+00
   0.00000000e+00  0.00000000e+00]
 [-1.68204691e+00  1.58000000e+02 -7.09157831e+00 ...  0.00000000e+00
   0.00000000e+00  0.00000000e+00]
 ...
 [-9.21828769e-01  1.64400000e+03  3.62261284e-01 ...  0.00000000e+00
   0.00000000e+00  1.00000000e+00]
 [-1.00954625e+00  1.27600000e+03  7.27258756e-01 ...  0.00000000e+00
   1.00000000e+00  0.00000000e+00]
 [-1.50661196e+00  8.94000000e+02 -1.07689003e+00 ...  1.00000000e+00
   0.00000000e+00  0.00000000e+00]]"
.kernel.kernels[2].kernels[0].variance,0.7800152774437534,,,,,,,,,rbf_matern32_sin_lin_sin,lfbgs,4,0,"Day,Overall_Day,Latitude,Longitude,embay_dist,minute_of_day",ES,SVGP,False,4.6.2,4.6.2 has build_functions_v2 implemented.,1000,25,"[[ 1.12491239e+00  2.54000000e+02 -7.09157831e+00 ...  0.00000000e+00
   0.00000000e+00  0.00000000e+00]
 [ 1.53426062e+00  2.68000000e+02 -7.09157831e+00 ...  0.00000000e+00
   0.00000000e+00  0.00000000e+00]
 [-1.68204691e+00  1.58000000e+02 -7.09157831e+00 ...  0.00000000e+00
   0.00000000e+00  0.00000000e+00]
 ...
 [-9.21828769e-01  1.64400000e+03  3.62261284e-01 ...  0.00000000e+00
   0.00000000e+00  1.00000000e+00]
 [-1.00954625e+00  1.27600000e+03  7.27258756e-01 ...  0.00000000e+00
   1.00000000e+00  0.00000000e+00]
 [-1.50661196e+00  8.94000000e+02 -1.07689003e+00 ...  1.00000000e+00
   0.00000000e+00  0.00000000e+00]]"
.kernel.kernels[2].kernels[1].variance,1.0,,,,,,,,,rbf_matern32_sin_lin_sin,lfbgs,4,0,"Day,Overall_Day,Latitude,Longitude,embay_dist,minute_of_day",ES,SVGP,False,4.6.2,4.6.2 has build_functions_v2 implemented.,1000,25,"[[ 1.12491239e+00  2.54000000e+02 -7.09157831e+00 ...  0.00000000e+00
   0.00000000e+00  0.00000000e+00]
 [ 1.53426062e+00  2.68000000e+02 -7.09157831e+00 ...  0.00000000e+00
   0.00000000e+00  0.00000000e+00]
 [-1.68204691e+00  1.58000000e+02 -7.09157831e+00 ...  0.00000000e+00
   0.00000000e+00  0.00000000e+00]
 ...
 [-9.21828769e-01  1.64400000e+03  3.62261284e-01 ...  0.00000000e+00
   0.00000000e+00  1.00000000e+00]
 [-1.00954625e+00  1.27600000e+03  7.27258756e-01 ...  0.00000000e+00
   1.00000000e+00  0.00000000e+00]
 [-1.50661196e+00  8.94000000e+02 -1.07689003e+00 ...  1.00000000e+00
   0.00000000e+00  0.00000000e+00]]"
.kernel.kernels[2].kernels[1].lengthscales,365.0,,,,,,,,,rbf_matern32_sin_lin_sin,lfbgs,4,0,"Day,Overall_Day,Latitude,Longitude,embay_dist,minute_of_day",ES,SVGP,False,4.6.2,4.6.2 has build_functions_v2 implemented.,1000,25,"[[ 1.12491239e+00  2.54000000e+02 -7.09157831e+00 ...  0.00000000e+00
   0.00000000e+00  0.00000000e+00]
 [ 1.53426062e+00  2.68000000e+02 -7.09157831e+00 ...  0.00000000e+00
   0.00000000e+00  0.00000000e+00]
 [-1.68204691e+00  1.58000000e+02 -7.09157831e+00 ...  0.00000000e+00
   0.00000000e+00  0.00000000e+00]
 ...
 [-9.21828769e-01  1.64400000e+03  3.62261284e-01 ...  0.00000000e+00
   0.00000000e+00  1.00000000e+00]
 [-1.00954625e+00  1.27600000e+03  7.27258756e-01 ...  0.00000000e+00
   1.00000000e+00  0.00000000e+00]
 [-1.50661196e+00  8.94000000e+02 -1.07689003e+00 ...  1.00000000e+00
   0.00000000e+00  0.00000000e+00]]"
.kernel.kernels[3].kernels[0].variance,0.7458161422832166,,,,,,,,,rbf_matern32_sin_lin_sin,lfbgs,4,0,"Day,Overall_Day,Latitude,Longitude,embay_dist,minute_of_day",ES,SVGP,False,4.6.2,4.6.2 has build_functions_v2 implemented.,1000,25,"[[ 1.12491239e+00  2.54000000e+02 -7.09157831e+00 ...  0.00000000e+00
   0.00000000e+00  0.00000000e+00]
 [ 1.53426062e+00  2.68000000e+02 -7.09157831e+00 ...  0.00000000e+00
   0.00000000e+00  0.00000000e+00]
 [-1.68204691e+00  1.58000000e+02 -7.09157831e+00 ...  0.00000000e+00
   0.00000000e+00  0.00000000e+00]
 ...
 [-9.21828769e-01  1.64400000e+03  3.62261284e-01 ...  0.00000000e+00
   0.00000000e+00  1.00000000e+00]
 [-1.00954625e+00  1.27600000e+03  7.27258756e-01 ...  0.00000000e+00
   1.00000000e+00  0.00000000e+00]
 [-1.50661196e+00  8.94000000e+02 -1.07689003e+00 ...  1.00000000e+00
   0.00000000e+00  0.00000000e+00]]"
.kernel.kernels[3].kernels[1].variance,1.0,,,,,,,,,rbf_matern32_sin_lin_sin,lfbgs,4,0,"Day,Overall_Day,Latitude,Longitude,embay_dist,minute_of_day",ES,SVGP,False,4.6.2,4.6.2 has build_functions_v2 implemented.,1000,25,"[[ 1.12491239e+00  2.54000000e+02 -7.09157831e+00 ...  0.00000000e+00
   0.00000000e+00  0.00000000e+00]
 [ 1.53426062e+00  2.68000000e+02 -7.09157831e+00 ...  0.00000000e+00
   0.00000000e+00  0.00000000e+00]
 [-1.68204691e+00  1.58000000e+02 -7.09157831e+00 ...  0.00000000e+00
   0.00000000e+00  0.00000000e+00]
 ...
 [-9.21828769e-01  1.64400000e+03  3.62261284e-01 ...  0.00000000e+00
   0.00000000e+00  1.00000000e+00]
 [-1.00954625e+00  1.27600000e+03  7.27258756e-01 ...  0.00000000e+00
   1.00000000e+00  0.00000000e+00]
 [-1.50661196e+00  8.94000000e+02 -1.07689003e+00 ...  1.00000000e+00
   0.00000000e+00  0.00000000e+00]]"
.kernel.kernels[3].kernels[1].lengthscales,365.0,,,,,,,,,rbf_matern32_sin_lin_sin,lfbgs,4,0,"Day,Overall_Day,Latitude,Longitude,embay_dist,minute_of_day",ES,SVGP,False,4.6.2,4.6.2 has build_functions_v2 implemented.,1000,25,"[[ 1.12491239e+00  2.54000000e+02 -7.09157831e+00 ...  0.00000000e+00
   0.00000000e+00  0.00000000e+00]
 [ 1.53426062e+00  2.68000000e+02 -7.09157831e+00 ...  0.00000000e+00
   0.00000000e+00  0.00000000e+00]
 [-1.68204691e+00  1.58000000e+02 -7.09157831e+00 ...  0.00000000e+00
   0.00000000e+00  0.00000000e+00]
 ...
 [-9.21828769e-01  1.64400000e+03  3.62261284e-01 ...  0.00000000e+00
   0.00000000e+00  1.00000000e+00]
 [-1.00954625e+00  1.27600000e+03  7.27258756e-01 ...  0.00000000e+00
   1.00000000e+00  0.00000000e+00]
 [-1.50661196e+00  8.94000000e+02 -1.07689003e+00 ...  1.00000000e+00
   0.00000000e+00  0.00000000e+00]]"
.kernel.kernels[4].kernels[0].variance,0.7386082050141405,,,,,,,,,rbf_matern32_sin_lin_sin,lfbgs,4,0,"Day,Overall_Day,Latitude,Longitude,embay_dist,minute_of_day",ES,SVGP,False,4.6.2,4.6.2 has build_functions_v2 implemented.,1000,25,"[[ 1.12491239e+00  2.54000000e+02 -7.09157831e+00 ...  0.00000000e+00
   0.00000000e+00  0.00000000e+00]
 [ 1.53426062e+00  2.68000000e+02 -7.09157831e+00 ...  0.00000000e+00
   0.00000000e+00  0.00000000e+00]
 [-1.68204691e+00  1.58000000e+02 -7.09157831e+00 ...  0.00000000e+00
   0.00000000e+00  0.00000000e+00]
 ...
 [-9.21828769e-01  1.64400000e+03  3.62261284e-01 ...  0.00000000e+00
   0.00000000e+00  1.00000000e+00]
 [-1.00954625e+00  1.27600000e+03  7.27258756e-01 ...  0.00000000e+00
   1.00000000e+00  0.00000000e+00]
 [-1.50661196e+00  8.94000000e+02 -1.07689003e+00 ...  1.00000000e+00
   0.00000000e+00  0.00000000e+00]]"
.kernel.kernels[4].kernels[1].variance,1.0,,,,,,,,,rbf_matern32_sin_lin_sin,lfbgs,4,0,"Day,Overall_Day,Latitude,Longitude,embay_dist,minute_of_day",ES,SVGP,False,4.6.2,4.6.2 has build_functions_v2 implemented.,1000,25,"[[ 1.12491239e+00  2.54000000e+02 -7.09157831e+00 ...  0.00000000e+00
   0.00000000e+00  0.00000000e+00]
 [ 1.53426062e+00  2.68000000e+02 -7.09157831e+00 ...  0.00000000e+00
   0.00000000e+00  0.00000000e+00]
 [-1.68204691e+00  1.58000000e+02 -7.09157831e+00 ...  0.00000000e+00
   0.00000000e+00  0.00000000e+00]
 ...
 [-9.21828769e-01  1.64400000e+03  3.62261284e-01 ...  0.00000000e+00
   0.00000000e+00  1.00000000e+00]
 [-1.00954625e+00  1.27600000e+03  7.27258756e-01 ...  0.00000000e+00
   1.00000000e+00  0.00000000e+00]
 [-1.50661196e+00  8.94000000e+02 -1.07689003e+00 ...  1.00000000e+00
   0.00000000e+00  0.00000000e+00]]"
.kernel.kernels[4].kernels[1].lengthscales,365.0,,,,,,,,,rbf_matern32_sin_lin_sin,lfbgs,4,0,"Day,Overall_Day,Latitude,Longitude,embay_dist,minute_of_day",ES,SVGP,False,4.6.2,4.6.2 has build_functions_v2 implemented.,1000,25,"[[ 1.12491239e+00  2.54000000e+02 -7.09157831e+00 ...  0.00000000e+00
   0.00000000e+00  0.00000000e+00]
 [ 1.53426062e+00  2.68000000e+02 -7.09157831e+00 ...  0.00000000e+00
   0.00000000e+00  0.00000000e+00]
 [-1.68204691e+00  1.58000000e+02 -7.09157831e+00 ...  0.00000000e+00
   0.00000000e+00  0.00000000e+00]
 ...
 [-9.21828769e-01  1.64400000e+03  3.62261284e-01 ...  0.00000000e+00
   0.00000000e+00  1.00000000e+00]
 [-1.00954625e+00  1.27600000e+03  7.27258756e-01 ...  0.00000000e+00
   1.00000000e+00  0.00000000e+00]
 [-1.50661196e+00  8.94000000e+02 -1.07689003e+00 ...  1.00000000e+00
   0.00000000e+00  0.00000000e+00]]"
.kernel.kernels[5].kernels[0].variance,0.7462688577626987,,,,,,,,,rbf_matern32_sin_lin_sin,lfbgs,4,0,"Day,Overall_Day,Latitude,Longitude,embay_dist,minute_of_day",ES,SVGP,False,4.6.2,4.6.2 has build_functions_v2 implemented.,1000,25,"[[ 1.12491239e+00  2.54000000e+02 -7.09157831e+00 ...  0.00000000e+00
   0.00000000e+00  0.00000000e+00]
 [ 1.53426062e+00  2.68000000e+02 -7.09157831e+00 ...  0.00000000e+00
   0.00000000e+00  0.00000000e+00]
 [-1.68204691e+00  1.58000000e+02 -7.09157831e+00 ...  0.00000000e+00
   0.00000000e+00  0.00000000e+00]
 ...
 [-9.21828769e-01  1.64400000e+03  3.62261284e-01 ...  0.00000000e+00
   0.00000000e+00  1.00000000e+00]
 [-1.00954625e+00  1.27600000e+03  7.27258756e-01 ...  0.00000000e+00
   1.00000000e+00  0.00000000e+00]
 [-1.50661196e+00  8.94000000e+02 -1.07689003e+00 ...  1.00000000e+00
   0.00000000e+00  0.00000000e+00]]"
.kernel.kernels[5].kernels[1].variance,1.0,,,,,,,,,rbf_matern32_sin_lin_sin,lfbgs,4,0,"Day,Overall_Day,Latitude,Longitude,embay_dist,minute_of_day",ES,SVGP,False,4.6.2,4.6.2 has build_functions_v2 implemented.,1000,25,"[[ 1.12491239e+00  2.54000000e+02 -7.09157831e+00 ...  0.00000000e+00
   0.00000000e+00  0.00000000e+00]
 [ 1.53426062e+00  2.68000000e+02 -7.09157831e+00 ...  0.00000000e+00
   0.00000000e+00  0.00000000e+00]
 [-1.68204691e+00  1.58000000e+02 -7.09157831e+00 ...  0.00000000e+00
   0.00000000e+00  0.00000000e+00]
 ...
 [-9.21828769e-01  1.64400000e+03  3.62261284e-01 ...  0.00000000e+00
   0.00000000e+00  1.00000000e+00]
 [-1.00954625e+00  1.27600000e+03  7.27258756e-01 ...  0.00000000e+00
   1.00000000e+00  0.00000000e+00]
 [-1.50661196e+00  8.94000000e+02 -1.07689003e+00 ...  1.00000000e+00
   0.00000000e+00  0.00000000e+00]]"
.kernel.kernels[5].kernels[1].lengthscales,365.0,,,,,,,,,rbf_matern32_sin_lin_sin,lfbgs,4,0,"Day,Overall_Day,Latitude,Longitude,embay_dist,minute_of_day",ES,SVGP,False,4.6.2,4.6.2 has build_functions_v2 implemented.,1000,25,"[[ 1.12491239e+00  2.54000000e+02 -7.09157831e+00 ...  0.00000000e+00
   0.00000000e+00  0.00000000e+00]
 [ 1.53426062e+00  2.68000000e+02 -7.09157831e+00 ...  0.00000000e+00
   0.00000000e+00  0.00000000e+00]
 [-1.68204691e+00  1.58000000e+02 -7.09157831e+00 ...  0.00000000e+00
   0.00000000e+00  0.00000000e+00]
 ...
 [-9.21828769e-01  1.64400000e+03  3.62261284e-01 ...  0.00000000e+00
   0.00000000e+00  1.00000000e+00]
 [-1.00954625e+00  1.27600000e+03  7.27258756e-01 ...  0.00000000e+00
   1.00000000e+00  0.00000000e+00]
 [-1.50661196e+00  8.94000000e+02 -1.07689003e+00 ...  1.00000000e+00
   0.00000000e+00  0.00000000e+00]]"
.kernel.kernels[6].kernels[0].variance,0.6861701549741446,,,,,,,,,rbf_matern32_sin_lin_sin,lfbgs,4,0,"Day,Overall_Day,Latitude,Longitude,embay_dist,minute_of_day",ES,SVGP,False,4.6.2,4.6.2 has build_functions_v2 implemented.,1000,25,"[[ 1.12491239e+00  2.54000000e+02 -7.09157831e+00 ...  0.00000000e+00
   0.00000000e+00  0.00000000e+00]
 [ 1.53426062e+00  2.68000000e+02 -7.09157831e+00 ...  0.00000000e+00
   0.00000000e+00  0.00000000e+00]
 [-1.68204691e+00  1.58000000e+02 -7.09157831e+00 ...  0.00000000e+00
   0.00000000e+00  0.00000000e+00]
 ...
 [-9.21828769e-01  1.64400000e+03  3.62261284e-01 ...  0.00000000e+00
   0.00000000e+00  1.00000000e+00]
 [-1.00954625e+00  1.27600000e+03  7.27258756e-01 ...  0.00000000e+00
   1.00000000e+00  0.00000000e+00]
 [-1.50661196e+00  8.94000000e+02 -1.07689003e+00 ...  1.00000000e+00
   0.00000000e+00  0.00000000e+00]]"
.kernel.kernels[6].kernels[1].variance,1.0,,,,,,,,,rbf_matern32_sin_lin_sin,lfbgs,4,0,"Day,Overall_Day,Latitude,Longitude,embay_dist,minute_of_day",ES,SVGP,False,4.6.2,4.6.2 has build_functions_v2 implemented.,1000,25,"[[ 1.12491239e+00  2.54000000e+02 -7.09157831e+00 ...  0.00000000e+00
   0.00000000e+00  0.00000000e+00]
 [ 1.53426062e+00  2.68000000e+02 -7.09157831e+00 ...  0.00000000e+00
   0.00000000e+00  0.00000000e+00]
 [-1.68204691e+00  1.58000000e+02 -7.09157831e+00 ...  0.00000000e+00
   0.00000000e+00  0.00000000e+00]
 ...
 [-9.21828769e-01  1.64400000e+03  3.62261284e-01 ...  0.00000000e+00
   0.00000000e+00  1.00000000e+00]
 [-1.00954625e+00  1.27600000e+03  7.27258756e-01 ...  0.00000000e+00
   1.00000000e+00  0.00000000e+00]
 [-1.50661196e+00  8.94000000e+02 -1.07689003e+00 ...  1.00000000e+00
   0.00000000e+00  0.00000000e+00]]"
.kernel.kernels[6].kernels[1].lengthscales,365.0,,,,,,,,,rbf_matern32_sin_lin_sin,lfbgs,4,0,"Day,Overall_Day,Latitude,Longitude,embay_dist,minute_of_day",ES,SVGP,False,4.6.2,4.6.2 has build_functions_v2 implemented.,1000,25,"[[ 1.12491239e+00  2.54000000e+02 -7.09157831e+00 ...  0.00000000e+00
   0.00000000e+00  0.00000000e+00]
 [ 1.53426062e+00  2.68000000e+02 -7.09157831e+00 ...  0.00000000e+00
   0.00000000e+00  0.00000000e+00]
 [-1.68204691e+00  1.58000000e+02 -7.09157831e+00 ...  0.00000000e+00
   0.00000000e+00  0.00000000e+00]
 ...
 [-9.21828769e-01  1.64400000e+03  3.62261284e-01 ...  0.00000000e+00
   0.00000000e+00  1.00000000e+00]
 [-1.00954625e+00  1.27600000e+03  7.27258756e-01 ...  0.00000000e+00
   1.00000000e+00  0.00000000e+00]
 [-1.50661196e+00  8.94000000e+02 -1.07689003e+00 ...  1.00000000e+00
   0.00000000e+00  0.00000000e+00]]"
.kernel.kernels[7].variance,0.8520775167202461,,,,,,,,,rbf_matern32_sin_lin_sin,lfbgs,4,0,"Day,Overall_Day,Latitude,Longitude,embay_dist,minute_of_day",ES,SVGP,False,4.6.2,4.6.2 has build_functions_v2 implemented.,1000,25,"[[ 1.12491239e+00  2.54000000e+02 -7.09157831e+00 ...  0.00000000e+00
   0.00000000e+00  0.00000000e+00]
 [ 1.53426062e+00  2.68000000e+02 -7.09157831e+00 ...  0.00000000e+00
   0.00000000e+00  0.00000000e+00]
 [-1.68204691e+00  1.58000000e+02 -7.09157831e+00 ...  0.00000000e+00
   0.00000000e+00  0.00000000e+00]
 ...
 [-9.21828769e-01  1.64400000e+03  3.62261284e-01 ...  0.00000000e+00
   0.00000000e+00  1.00000000e+00]
 [-1.00954625e+00  1.27600000e+03  7.27258756e-01 ...  0.00000000e+00
   1.00000000e+00  0.00000000e+00]
 [-1.50661196e+00  8.94000000e+02 -1.07689003e+00 ...  1.00000000e+00
   0.00000000e+00  0.00000000e+00]]"
.kernel.kernels[7].lengthscales,1440.0,,,,,,,,,rbf_matern32_sin_lin_sin,lfbgs,4,0,"Day,Overall_Day,Latitude,Longitude,embay_dist,minute_of_day",ES,SVGP,False,4.6.2,4.6.2 has build_functions_v2 implemented.,1000,25,"[[ 1.12491239e+00  2.54000000e+02 -7.09157831e+00 ...  0.00000000e+00
   0.00000000e+00  0.00000000e+00]
 [ 1.53426062e+00  2.68000000e+02 -7.09157831e+00 ...  0.00000000e+00
   0.00000000e+00  0.00000000e+00]
 [-1.68204691e+00  1.58000000e+02 -7.09157831e+00 ...  0.00000000e+00
   0.00000000e+00  0.00000000e+00]
 ...
 [-9.21828769e-01  1.64400000e+03  3.62261284e-01 ...  0.00000000e+00
   0.00000000e+00  1.00000000e+00]
 [-1.00954625e+00  1.27600000e+03  7.27258756e-01 ...  0.00000000e+00
   1.00000000e+00  0.00000000e+00]
 [-1.50661196e+00  8.94000000e+02 -1.07689003e+00 ...  1.00000000e+00
   0.00000000e+00  0.00000000e+00]]"
